contrast	contrast_pretty	channel	frequency_hz	time_s	difference_db	in_corrected_cluster
Memorize_minus_Ignore	Memorize - Ignore	CP3	4	0	-0.323776196079472	1
Memorize_minus_Ignore	Memorize - Ignore	CP3	6	0	-0.160484682804403	0
Memorize_minus_Ignore	Memorize - Ignore	CP3	8	0	-0.112967175933031	0
Memorize_minus_Ignore	Memorize - Ignore	CP3	10	0	-0.0769993697937865	0
Memorize_minus_Ignore	Memorize - Ignore	CP3	12	0	-0.0105913102698441	0
Memorize_minus_Ignore	Memorize - Ignore	CP3	14	0	0.0276188262953208	0
Memorize_minus_Ignore	Memorize - Ignore	CP3	16	0	0.106867441768722	0
Memorize_minus_Ignore	Memorize - Ignore	CP3	18	0	0.131382757645602	0
Memorize_minus_Ignore	Memorize - Ignore	CP3	20	0	0.170224084017368	0
Memorize_minus_Ignore	Memorize - Ignore	CP3	22	0	0.170269089034544	0
Memorize_minus_Ignore	Memorize - Ignore	CP3	24	0	0.122222667595801	0
Memorize_minus_Ignore	Memorize - Ignore	CP3	26	0	0.0583345035377603	0
Memorize_minus_Ignore	Memorize - Ignore	CP3	28	0	-0.00982846240871228	0
Memorize_minus_Ignore	Memorize - Ignore	CP3	30	0	-0.0296471736465509	0
Memorize_minus_Ignore	Memorize - Ignore	CP3	4	0.04	-0.366200468431299	1
Memorize_minus_Ignore	Memorize - Ignore	CP3	6	0.04	-0.192005643191246	0
Memorize_minus_Ignore	Memorize - Ignore	CP3	8	0.04	-0.0767718981951475	0
Memorize_minus_Ignore	Memorize - Ignore	CP3	10	0.04	-0.0532548095529469	0
Memorize_minus_Ignore	Memorize - Ignore	CP3	12	0.04	-0.00117502633768779	0
Memorize_minus_Ignore	Memorize - Ignore	CP3	14	0.04	0.050151936065119	0
Memorize_minus_Ignore	Memorize - Ignore	CP3	16	0.04	0.129434156316655	0
Memorize_minus_Ignore	Memorize - Ignore	CP3	18	0.04	0.102557002351834	0
Memorize_minus_Ignore	Memorize - Ignore	CP3	20	0.04	0.0090330270692133	0
Memorize_minus_Ignore	Memorize - Ignore	CP3	22	0.04	-0.0566526702963389	0
Memorize_minus_Ignore	Memorize - Ignore	CP3	24	0.04	-0.0671289606163135	0
Memorize_minus_Ignore	Memorize - Ignore	CP3	26	0.04	-0.0548303665306706	0
Memorize_minus_Ignore	Memorize - Ignore	CP3	28	0.04	-0.0533900859837349	0
Memorize_minus_Ignore	Memorize - Ignore	CP3	30	0.04	-0.0640518749849154	0
Memorize_minus_Ignore	Memorize - Ignore	CP3	4	0.0800000000000001	-0.406387089680021	1
Memorize_minus_Ignore	Memorize - Ignore	CP3	6	0.0800000000000001	-0.196935731434048	0
Memorize_minus_Ignore	Memorize - Ignore	CP3	8	0.0800000000000001	-0.0726790559263183	0
Memorize_minus_Ignore	Memorize - Ignore	CP3	10	0.0800000000000001	-0.0902266022391044	0
Memorize_minus_Ignore	Memorize - Ignore	CP3	12	0.0800000000000001	0.0119537713024049	0
Memorize_minus_Ignore	Memorize - Ignore	CP3	14	0.0800000000000001	0.139781812635752	0
Memorize_minus_Ignore	Memorize - Ignore	CP3	16	0.0800000000000001	0.232514691610749	0
Memorize_minus_Ignore	Memorize - Ignore	CP3	18	0.0800000000000001	0.117870769248559	0
Memorize_minus_Ignore	Memorize - Ignore	CP3	20	0.0800000000000001	-0.0392136963514181	0
Memorize_minus_Ignore	Memorize - Ignore	CP3	22	0.0800000000000001	-0.106957347060625	0
Memorize_minus_Ignore	Memorize - Ignore	CP3	24	0.0800000000000001	-0.0688070674570134	0
Memorize_minus_Ignore	Memorize - Ignore	CP3	26	0.0800000000000001	-0.013518230129893	0
Memorize_minus_Ignore	Memorize - Ignore	CP3	28	0.0800000000000001	0.0138214489874931	0
Memorize_minus_Ignore	Memorize - Ignore	CP3	30	0.0800000000000001	-0.0323646807899842	0
Memorize_minus_Ignore	Memorize - Ignore	CP3	4	0.12	-0.447841102114091	1
Memorize_minus_Ignore	Memorize - Ignore	CP3	6	0.12	-0.185037726805044	0
Memorize_minus_Ignore	Memorize - Ignore	CP3	8	0.12	-0.102600281791708	0
Memorize_minus_Ignore	Memorize - Ignore	CP3	10	0.12	-0.175302784030254	0
Memorize_minus_Ignore	Memorize - Ignore	CP3	12	0.12	-0.0284505578187796	0
Memorize_minus_Ignore	Memorize - Ignore	CP3	14	0.12	0.140234679986651	0
Memorize_minus_Ignore	Memorize - Ignore	CP3	16	0.12	0.207160803632667	0
Memorize_minus_Ignore	Memorize - Ignore	CP3	18	0.12	0.11179117557521	0
Memorize_minus_Ignore	Memorize - Ignore	CP3	20	0.12	-0.00420440869549146	0
Memorize_minus_Ignore	Memorize - Ignore	CP3	22	0.12	-0.0551234076802547	0
Memorize_minus_Ignore	Memorize - Ignore	CP3	24	0.12	-0.0183100745869944	0
Memorize_minus_Ignore	Memorize - Ignore	CP3	26	0.12	0.0510752109380869	0
Memorize_minus_Ignore	Memorize - Ignore	CP3	28	0.12	0.107444683519694	0
Memorize_minus_Ignore	Memorize - Ignore	CP3	30	0.12	0.0855686200352816	0
Memorize_minus_Ignore	Memorize - Ignore	CP3	4	0.16	-0.489588991094094	1
Memorize_minus_Ignore	Memorize - Ignore	CP3	6	0.16	-0.178010534208554	0
Memorize_minus_Ignore	Memorize - Ignore	CP3	8	0.16	-0.175870089146953	0
Memorize_minus_Ignore	Memorize - Ignore	CP3	10	0.16	-0.295358716008755	0
Memorize_minus_Ignore	Memorize - Ignore	CP3	12	0.16	-0.145808424514074	0
Memorize_minus_Ignore	Memorize - Ignore	CP3	14	0.16	0.0173739722141853	0
Memorize_minus_Ignore	Memorize - Ignore	CP3	16	0.16	0.102978767397312	0
Memorize_minus_Ignore	Memorize - Ignore	CP3	18	0.16	0.0841887793861903	0
Memorize_minus_Ignore	Memorize - Ignore	CP3	20	0.16	0.0577610146540862	0
Memorize_minus_Ignore	Memorize - Ignore	CP3	22	0.16	0.0412068674340844	0
Memorize_minus_Ignore	Memorize - Ignore	CP3	24	0.16	0.0515389261910549	0
Memorize_minus_Ignore	Memorize - Ignore	CP3	26	0.16	0.104704919629372	0
Memorize_minus_Ignore	Memorize - Ignore	CP3	28	0.16	0.139312309427903	0
Memorize_minus_Ignore	Memorize - Ignore	CP3	30	0.16	0.148172206030442	0
Memorize_minus_Ignore	Memorize - Ignore	CP3	4	0.2	-0.529959253823528	1
Memorize_minus_Ignore	Memorize - Ignore	CP3	6	0.2	-0.196070296260027	0
Memorize_minus_Ignore	Memorize - Ignore	CP3	8	0.2	-0.304649043255127	0
Memorize_minus_Ignore	Memorize - Ignore	CP3	10	0.2	-0.447625738783525	1
Memorize_minus_Ignore	Memorize - Ignore	CP3	12	0.2	-0.28303446004597	0
Memorize_minus_Ignore	Memorize - Ignore	CP3	14	0.2	-0.0732352300188862	0
Memorize_minus_Ignore	Memorize - Ignore	CP3	16	0.2	0.0746347439976839	0
Memorize_minus_Ignore	Memorize - Ignore	CP3	18	0.2	0.112486304571995	0
Memorize_minus_Ignore	Memorize - Ignore	CP3	20	0.2	0.0745094051727882	0
Memorize_minus_Ignore	Memorize - Ignore	CP3	22	0.2	0.0508633978091753	0
Memorize_minus_Ignore	Memorize - Ignore	CP3	24	0.2	0.0463141827629163	0
Memorize_minus_Ignore	Memorize - Ignore	CP3	26	0.2	0.0313743360054034	0
Memorize_minus_Ignore	Memorize - Ignore	CP3	28	0.2	0.032881203179176	0
Memorize_minus_Ignore	Memorize - Ignore	CP3	30	0.2	0.0369204881672676	0
Memorize_minus_Ignore	Memorize - Ignore	CP3	4	0.24	-0.569209838142762	1
Memorize_minus_Ignore	Memorize - Ignore	CP3	6	0.24	-0.255265997006343	0
Memorize_minus_Ignore	Memorize - Ignore	CP3	8	0.24	-0.499880620493339	1
Memorize_minus_Ignore	Memorize - Ignore	CP3	10	0.24	-0.607495461375667	1
Memorize_minus_Ignore	Memorize - Ignore	CP3	12	0.24	-0.394133521817051	1
Memorize_minus_Ignore	Memorize - Ignore	CP3	14	0.24	-0.138227848336101	0
Memorize_minus_Ignore	Memorize - Ignore	CP3	16	0.24	-0.00344690451255211	0
Memorize_minus_Ignore	Memorize - Ignore	CP3	18	0.24	0.0726217111715904	0
Memorize_minus_Ignore	Memorize - Ignore	CP3	20	0.24	0.191021353006363	0
Memorize_minus_Ignore	Memorize - Ignore	CP3	22	0.24	0.257591631256778	0
Memorize_minus_Ignore	Memorize - Ignore	CP3	24	0.24	0.266254254258596	0
Memorize_minus_Ignore	Memorize - Ignore	CP3	26	0.24	0.252578805845517	0
Memorize_minus_Ignore	Memorize - Ignore	CP3	28	0.24	0.252393794769887	0
Memorize_minus_Ignore	Memorize - Ignore	CP3	30	0.24	0.209617798861403	0
Memorize_minus_Ignore	Memorize - Ignore	CP3	4	0.28	-0.607437059426537	1
Memorize_minus_Ignore	Memorize - Ignore	CP3	6	0.28	-0.366738005899466	0
Memorize_minus_Ignore	Memorize - Ignore	CP3	8	0.28	-0.735527355510455	1
Memorize_minus_Ignore	Memorize - Ignore	CP3	10	0.28	-0.74294474033209	1
Memorize_minus_Ignore	Memorize - Ignore	CP3	12	0.28	-0.479696734808385	1
Memorize_minus_Ignore	Memorize - Ignore	CP3	14	0.28	-0.197761964052916	0
Memorize_minus_Ignore	Memorize - Ignore	CP3	16	0.28	-0.101982275812099	0
Memorize_minus_Ignore	Memorize - Ignore	CP3	18	0.28	-0.0903557607760796	0
Memorize_minus_Ignore	Memorize - Ignore	CP3	20	0.28	0.0354014520461743	0
Memorize_minus_Ignore	Memorize - Ignore	CP3	22	0.28	0.11264953819605	0
Memorize_minus_Ignore	Memorize - Ignore	CP3	24	0.28	0.144501601310017	0
Memorize_minus_Ignore	Memorize - Ignore	CP3	26	0.28	0.19507271108719	0
Memorize_minus_Ignore	Memorize - Ignore	CP3	28	0.28	0.235133431493663	0
Memorize_minus_Ignore	Memorize - Ignore	CP3	30	0.28	0.310565787689904	0
Memorize_minus_Ignore	Memorize - Ignore	CP3	4	0.32	-0.644930075782423	1
Memorize_minus_Ignore	Memorize - Ignore	CP3	6	0.32	-0.519079397504146	0
Memorize_minus_Ignore	Memorize - Ignore	CP3	8	0.32	-0.956709011529501	1
Memorize_minus_Ignore	Memorize - Ignore	CP3	10	0.32	-0.855829986188417	1
Memorize_minus_Ignore	Memorize - Ignore	CP3	12	0.32	-0.529345698368091	1
Memorize_minus_Ignore	Memorize - Ignore	CP3	14	0.32	-0.237691928274356	0
Memorize_minus_Ignore	Memorize - Ignore	CP3	16	0.32	-0.118976652622223	0
Memorize_minus_Ignore	Memorize - Ignore	CP3	18	0.32	-0.189530080327621	0
Memorize_minus_Ignore	Memorize - Ignore	CP3	20	0.32	-0.198879024586998	0
Memorize_minus_Ignore	Memorize - Ignore	CP3	22	0.32	-0.179346951011282	0
Memorize_minus_Ignore	Memorize - Ignore	CP3	24	0.32	-0.161155232443259	0
Memorize_minus_Ignore	Memorize - Ignore	CP3	26	0.32	-0.140425486060289	0
Memorize_minus_Ignore	Memorize - Ignore	CP3	28	0.32	-0.0960441938010403	0
Memorize_minus_Ignore	Memorize - Ignore	CP3	30	0.32	-0.0439025344900214	0
Memorize_minus_Ignore	Memorize - Ignore	CP3	4	0.36	-0.681086963185897	1
Memorize_minus_Ignore	Memorize - Ignore	CP3	6	0.36	-0.671945822783388	1
Memorize_minus_Ignore	Memorize - Ignore	CP3	8	0.36	-1.13494794070721	1
Memorize_minus_Ignore	Memorize - Ignore	CP3	10	0.36	-0.95444493712141	1
Memorize_minus_Ignore	Memorize - Ignore	CP3	12	0.36	-0.565636321329154	1
Memorize_minus_Ignore	Memorize - Ignore	CP3	14	0.36	-0.318820348510949	1
Memorize_minus_Ignore	Memorize - Ignore	CP3	16	0.36	-0.200763804981342	0
Memorize_minus_Ignore	Memorize - Ignore	CP3	18	0.36	-0.226501647096414	0
Memorize_minus_Ignore	Memorize - Ignore	CP3	20	0.36	-0.212527393005215	0
Memorize_minus_Ignore	Memorize - Ignore	CP3	22	0.36	-0.146669322194961	0
Memorize_minus_Ignore	Memorize - Ignore	CP3	24	0.36	-0.0496606736515577	0
Memorize_minus_Ignore	Memorize - Ignore	CP3	26	0.36	0.0359954063494045	0
Memorize_minus_Ignore	Memorize - Ignore	CP3	28	0.36	0.112026975131952	0
Memorize_minus_Ignore	Memorize - Ignore	CP3	30	0.36	0.0802019828070815	0
Memorize_minus_Ignore	Memorize - Ignore	CP3	4	0.4	-0.714077986496984	1
Memorize_minus_Ignore	Memorize - Ignore	CP3	6	0.4	-0.782022141672384	1
Memorize_minus_Ignore	Memorize - Ignore	CP3	8	0.4	-1.28080242564185	1
Memorize_minus_Ignore	Memorize - Ignore	CP3	10	0.4	-1.03538515361456	1
Memorize_minus_Ignore	Memorize - Ignore	CP3	12	0.4	-0.619675418505302	1
Memorize_minus_Ignore	Memorize - Ignore	CP3	14	0.4	-0.381653804493208	1
Memorize_minus_Ignore	Memorize - Ignore	CP3	16	0.4	-0.375439259868402	1
Memorize_minus_Ignore	Memorize - Ignore	CP3	18	0.4	-0.359159491956234	0
Memorize_minus_Ignore	Memorize - Ignore	CP3	20	0.4	-0.223526574671268	0
Memorize_minus_Ignore	Memorize - Ignore	CP3	22	0.4	-0.0977377127856016	0
Memorize_minus_Ignore	Memorize - Ignore	CP3	24	0.4	-0.0113040489646105	0
Memorize_minus_Ignore	Memorize - Ignore	CP3	26	0.4	0.0278579012598269	0
Memorize_minus_Ignore	Memorize - Ignore	CP3	28	0.4	0.00852076523901465	0
Memorize_minus_Ignore	Memorize - Ignore	CP3	30	0.4	0.0201294153140715	0
Memorize_minus_Ignore	Memorize - Ignore	CP3	4	0.44	-0.744462029876349	1
Memorize_minus_Ignore	Memorize - Ignore	CP3	6	0.44	-0.824515889470394	1
Memorize_minus_Ignore	Memorize - Ignore	CP3	8	0.44	-1.40187315986707	1
Memorize_minus_Ignore	Memorize - Ignore	CP3	10	0.44	-1.11132025460784	1
Memorize_minus_Ignore	Memorize - Ignore	CP3	12	0.44	-0.7044248936268	1
Memorize_minus_Ignore	Memorize - Ignore	CP3	14	0.44	-0.487370750974291	1
Memorize_minus_Ignore	Memorize - Ignore	CP3	16	0.44	-0.493691246096904	1
Memorize_minus_Ignore	Memorize - Ignore	CP3	18	0.44	-0.466907240450382	1
Memorize_minus_Ignore	Memorize - Ignore	CP3	20	0.44	-0.283710363929948	0
Memorize_minus_Ignore	Memorize - Ignore	CP3	22	0.44	-0.16073882407867	0
Memorize_minus_Ignore	Memorize - Ignore	CP3	24	0.44	-0.122601562322905	0
Memorize_minus_Ignore	Memorize - Ignore	CP3	26	0.44	-0.12446679518773	0
Memorize_minus_Ignore	Memorize - Ignore	CP3	28	0.44	-0.11880057083013	0
Memorize_minus_Ignore	Memorize - Ignore	CP3	30	0.44	-0.133722282086427	0
Memorize_minus_Ignore	Memorize - Ignore	CP3	4	0.48	-0.769721377927523	1
Memorize_minus_Ignore	Memorize - Ignore	CP3	6	0.48	-0.812681079197388	1
Memorize_minus_Ignore	Memorize - Ignore	CP3	8	0.48	-1.48189018824353	1
Memorize_minus_Ignore	Memorize - Ignore	CP3	10	0.48	-1.17396052067096	1
Memorize_minus_Ignore	Memorize - Ignore	CP3	12	0.48	-0.806504467502236	1
Memorize_minus_Ignore	Memorize - Ignore	CP3	14	0.48	-0.669280302639191	1
Memorize_minus_Ignore	Memorize - Ignore	CP3	16	0.48	-0.592914637867719	1
Memorize_minus_Ignore	Memorize - Ignore	CP3	18	0.48	-0.521418231037947	1
Memorize_minus_Ignore	Memorize - Ignore	CP3	20	0.48	-0.344252130016685	1
Memorize_minus_Ignore	Memorize - Ignore	CP3	22	0.48	-0.149889521730634	0
Memorize_minus_Ignore	Memorize - Ignore	CP3	24	0.48	-0.0287941219285131	0
Memorize_minus_Ignore	Memorize - Ignore	CP3	26	0.48	0.00829984763493905	0
Memorize_minus_Ignore	Memorize - Ignore	CP3	28	0.48	0.00429362402512477	0
Memorize_minus_Ignore	Memorize - Ignore	CP3	30	0.48	-0.037835066851515	0
Memorize_minus_Ignore	Memorize - Ignore	CP3	4	0.52	-0.784763901279523	1
Memorize_minus_Ignore	Memorize - Ignore	CP3	6	0.52	-0.786507157608867	1
Memorize_minus_Ignore	Memorize - Ignore	CP3	8	0.52	-1.49112883496743	1
Memorize_minus_Ignore	Memorize - Ignore	CP3	10	0.52	-1.19164980806482	1
Memorize_minus_Ignore	Memorize - Ignore	CP3	12	0.52	-0.843418959814769	1
Memorize_minus_Ignore	Memorize - Ignore	CP3	14	0.52	-0.73945776401804	1
Memorize_minus_Ignore	Memorize - Ignore	CP3	16	0.52	-0.593499023467302	1
Memorize_minus_Ignore	Memorize - Ignore	CP3	18	0.52	-0.446968388672058	1
Memorize_minus_Ignore	Memorize - Ignore	CP3	20	0.52	-0.291326777579693	0
Memorize_minus_Ignore	Memorize - Ignore	CP3	22	0.52	-0.155588559591426	0
Memorize_minus_Ignore	Memorize - Ignore	CP3	24	0.52	-0.077936503283966	0
Memorize_minus_Ignore	Memorize - Ignore	CP3	26	0.52	-0.034337816043542	0
Memorize_minus_Ignore	Memorize - Ignore	CP3	28	0.52	-0.0109638300581047	0
Memorize_minus_Ignore	Memorize - Ignore	CP3	30	0.52	-0.0292926422105386	0
Memorize_minus_Ignore	Memorize - Ignore	CP3	4	0.56	-0.785124997106882	1
Memorize_minus_Ignore	Memorize - Ignore	CP3	6	0.56	-0.769680578476534	1
Memorize_minus_Ignore	Memorize - Ignore	CP3	8	0.56	-1.41005081439821	1
Memorize_minus_Ignore	Memorize - Ignore	CP3	10	0.56	-1.12061299412296	1
Memorize_minus_Ignore	Memorize - Ignore	CP3	12	0.56	-0.768250977477202	1
Memorize_minus_Ignore	Memorize - Ignore	CP3	14	0.56	-0.615942306816578	1
Memorize_minus_Ignore	Memorize - Ignore	CP3	16	0.56	-0.522116539552091	1
Memorize_minus_Ignore	Memorize - Ignore	CP3	18	0.56	-0.323933777614282	1
Memorize_minus_Ignore	Memorize - Ignore	CP3	20	0.56	-0.134860989306337	0
Memorize_minus_Ignore	Memorize - Ignore	CP3	22	0.56	-0.0173642145326504	0
Memorize_minus_Ignore	Memorize - Ignore	CP3	24	0.56	0.0277712581535945	0
Memorize_minus_Ignore	Memorize - Ignore	CP3	26	0.56	0.0472490509989886	0
Memorize_minus_Ignore	Memorize - Ignore	CP3	28	0.56	0.0243863626741446	0
Memorize_minus_Ignore	Memorize - Ignore	CP3	30	0.56	-0.0125661804698981	0
Memorize_minus_Ignore	Memorize - Ignore	CP3	4	0.6	-0.769324844273237	1
Memorize_minus_Ignore	Memorize - Ignore	CP3	6	0.6	-0.761588941829709	1
Memorize_minus_Ignore	Memorize - Ignore	CP3	8	0.6	-1.24299248250631	1
Memorize_minus_Ignore	Memorize - Ignore	CP3	10	0.6	-0.950744120163458	1
Memorize_minus_Ignore	Memorize - Ignore	CP3	12	0.6	-0.658598930897334	1
Memorize_minus_Ignore	Memorize - Ignore	CP3	14	0.6	-0.521333524599098	1
Memorize_minus_Ignore	Memorize - Ignore	CP3	16	0.6	-0.399952187668532	1
Memorize_minus_Ignore	Memorize - Ignore	CP3	18	0.6	-0.252816408872604	1
Memorize_minus_Ignore	Memorize - Ignore	CP3	20	0.6	-0.138041670111796	0
Memorize_minus_Ignore	Memorize - Ignore	CP3	22	0.6	-0.0991998260410932	0
Memorize_minus_Ignore	Memorize - Ignore	CP3	24	0.6	-0.0777704893396451	0
Memorize_minus_Ignore	Memorize - Ignore	CP3	26	0.6	-0.0246719741620697	0
Memorize_minus_Ignore	Memorize - Ignore	CP3	28	0.6	0.0345285556888065	0
Memorize_minus_Ignore	Memorize - Ignore	CP3	30	0.6	-0.0149907764951842	0
Memorize_minus_Ignore	Memorize - Ignore	CP3	4	0.64	-0.738607566660413	1
Memorize_minus_Ignore	Memorize - Ignore	CP3	6	0.64	-0.750892781151029	1
Memorize_minus_Ignore	Memorize - Ignore	CP3	8	0.64	-1.03393213107036	1
Memorize_minus_Ignore	Memorize - Ignore	CP3	10	0.64	-0.749385318969591	1
Memorize_minus_Ignore	Memorize - Ignore	CP3	12	0.64	-0.558795655576082	1
Memorize_minus_Ignore	Memorize - Ignore	CP3	14	0.64	-0.491213718572488	1
Memorize_minus_Ignore	Memorize - Ignore	CP3	16	0.64	-0.318999576516664	1
Memorize_minus_Ignore	Memorize - Ignore	CP3	18	0.64	-0.15921948183901	0
Memorize_minus_Ignore	Memorize - Ignore	CP3	20	0.64	-0.0662982436613395	0
Memorize_minus_Ignore	Memorize - Ignore	CP3	22	0.64	-0.00714749459607097	0
Memorize_minus_Ignore	Memorize - Ignore	CP3	24	0.64	0.00972014436355004	0
Memorize_minus_Ignore	Memorize - Ignore	CP3	26	0.64	2.42997820560749e-05	0
Memorize_minus_Ignore	Memorize - Ignore	CP3	28	0.64	-0.0485765727666708	0
Memorize_minus_Ignore	Memorize - Ignore	CP3	30	0.64	-0.079820371304567	0
Memorize_minus_Ignore	Memorize - Ignore	CP3	4	0.68	-0.69640502319313	1
Memorize_minus_Ignore	Memorize - Ignore	CP3	6	0.68	-0.726668657215599	1
Memorize_minus_Ignore	Memorize - Ignore	CP3	8	0.68	-0.834248086580863	1
Memorize_minus_Ignore	Memorize - Ignore	CP3	10	0.68	-0.594928486057772	1
Memorize_minus_Ignore	Memorize - Ignore	CP3	12	0.68	-0.466467268908253	1
Memorize_minus_Ignore	Memorize - Ignore	CP3	14	0.68	-0.393109233387244	1
Memorize_minus_Ignore	Memorize - Ignore	CP3	16	0.68	-0.190467986349876	0
Memorize_minus_Ignore	Memorize - Ignore	CP3	18	0.68	0.019115112363719	0
Memorize_minus_Ignore	Memorize - Ignore	CP3	20	0.68	0.15610141822925	0
Memorize_minus_Ignore	Memorize - Ignore	CP3	22	0.68	0.187902596331416	0
Memorize_minus_Ignore	Memorize - Ignore	CP3	24	0.68	0.103038898812464	0
Memorize_minus_Ignore	Memorize - Ignore	CP3	26	0.68	-0.00486209866805718	0
Memorize_minus_Ignore	Memorize - Ignore	CP3	28	0.68	-0.0756516845610279	0
Memorize_minus_Ignore	Memorize - Ignore	CP3	30	0.68	-0.108333161913414	0
Memorize_minus_Ignore	Memorize - Ignore	CP3	4	0.72	-0.643778088144385	1
Memorize_minus_Ignore	Memorize - Ignore	CP3	6	0.72	-0.677743125706911	1
Memorize_minus_Ignore	Memorize - Ignore	CP3	8	0.72	-0.680616742143264	1
Memorize_minus_Ignore	Memorize - Ignore	CP3	10	0.72	-0.504079584032297	1
Memorize_minus_Ignore	Memorize - Ignore	CP3	12	0.72	-0.379184233776938	1
Memorize_minus_Ignore	Memorize - Ignore	CP3	14	0.72	-0.244136977976618	0
Memorize_minus_Ignore	Memorize - Ignore	CP3	16	0.72	-0.0578657723963261	0
Memorize_minus_Ignore	Memorize - Ignore	CP3	18	0.72	0.0697053730344543	0
Memorize_minus_Ignore	Memorize - Ignore	CP3	20	0.72	0.129930867312046	0
Memorize_minus_Ignore	Memorize - Ignore	CP3	22	0.72	0.117802159001048	0
Memorize_minus_Ignore	Memorize - Ignore	CP3	24	0.72	0.0737261743499683	0
Memorize_minus_Ignore	Memorize - Ignore	CP3	26	0.72	0.0468698333089168	0
Memorize_minus_Ignore	Memorize - Ignore	CP3	28	0.72	0.00391262554778503	0
Memorize_minus_Ignore	Memorize - Ignore	CP3	30	0.72	-0.00468148887515641	0
Memorize_minus_Ignore	Memorize - Ignore	CP3	4	0.76	-0.580580698612791	1
Memorize_minus_Ignore	Memorize - Ignore	CP3	6	0.76	-0.61044109508825	1
Memorize_minus_Ignore	Memorize - Ignore	CP3	8	0.76	-0.596297371272857	1
Memorize_minus_Ignore	Memorize - Ignore	CP3	10	0.76	-0.468983150414155	1
Memorize_minus_Ignore	Memorize - Ignore	CP3	12	0.76	-0.319032347259613	1
Memorize_minus_Ignore	Memorize - Ignore	CP3	14	0.76	-0.173098801993407	0
Memorize_minus_Ignore	Memorize - Ignore	CP3	16	0.76	-0.0101864819343273	0
Memorize_minus_Ignore	Memorize - Ignore	CP3	18	0.76	0.0390531284591326	0
Memorize_minus_Ignore	Memorize - Ignore	CP3	20	0.76	0.02324310124207	0
Memorize_minus_Ignore	Memorize - Ignore	CP3	22	0.76	-0.0477343210234092	0
Memorize_minus_Ignore	Memorize - Ignore	CP3	24	0.76	-0.131427477078082	0
Memorize_minus_Ignore	Memorize - Ignore	CP3	26	0.76	-0.218230778458886	0
Memorize_minus_Ignore	Memorize - Ignore	CP3	28	0.76	-0.29947314139169	0
Memorize_minus_Ignore	Memorize - Ignore	CP3	30	0.76	-0.341557680844114	0
Memorize_minus_Ignore	Memorize - Ignore	CP3	4	0.8	-0.507084110035346	0
Memorize_minus_Ignore	Memorize - Ignore	CP3	6	0.8	-0.543387310436139	1
Memorize_minus_Ignore	Memorize - Ignore	CP3	8	0.8	-0.573680711981769	1
Memorize_minus_Ignore	Memorize - Ignore	CP3	10	0.8	-0.481808849073087	1
Memorize_minus_Ignore	Memorize - Ignore	CP3	12	0.8	-0.322856467826149	1
Memorize_minus_Ignore	Memorize - Ignore	CP3	14	0.8	-0.152506577280852	0
Memorize_minus_Ignore	Memorize - Ignore	CP3	16	0.8	-0.0331636652923547	0
Memorize_minus_Ignore	Memorize - Ignore	CP3	18	0.8	-0.015433317121978	0
Memorize_minus_Ignore	Memorize - Ignore	CP3	20	0.8	-0.0285836494384477	0
Memorize_minus_Ignore	Memorize - Ignore	CP3	22	0.8	-0.0544386613720025	0
Memorize_minus_Ignore	Memorize - Ignore	CP3	24	0.8	-0.0791273151810926	0
Memorize_minus_Ignore	Memorize - Ignore	CP3	26	0.8	-0.0870372623635026	0
Memorize_minus_Ignore	Memorize - Ignore	CP3	28	0.8	-0.0715108195033211	0
Memorize_minus_Ignore	Memorize - Ignore	CP3	30	0.8	-0.0956316594965756	0
Memorize_minus_Ignore	Memorize - Ignore	CP3	4	0.84	-0.4274402065919	0
Memorize_minus_Ignore	Memorize - Ignore	CP3	6	0.84	-0.501812307593914	1
Memorize_minus_Ignore	Memorize - Ignore	CP3	8	0.84	-0.575021580148202	1
Memorize_minus_Ignore	Memorize - Ignore	CP3	10	0.84	-0.519841500199758	1
Memorize_minus_Ignore	Memorize - Ignore	CP3	12	0.84	-0.392259978904174	1
Memorize_minus_Ignore	Memorize - Ignore	CP3	14	0.84	-0.201435926383755	0
Memorize_minus_Ignore	Memorize - Ignore	CP3	16	0.84	-0.0163690503686666	0
Memorize_minus_Ignore	Memorize - Ignore	CP3	18	0.84	0.0526193174524591	0
Memorize_minus_Ignore	Memorize - Ignore	CP3	20	0.84	0.0284696544090716	0
Memorize_minus_Ignore	Memorize - Ignore	CP3	22	0.84	0.0118771121622278	0
Memorize_minus_Ignore	Memorize - Ignore	CP3	24	0.84	0.0226572117983149	0
Memorize_minus_Ignore	Memorize - Ignore	CP3	26	0.84	0.0516683202810012	0
Memorize_minus_Ignore	Memorize - Ignore	CP3	28	0.84	0.110850844281511	0
Memorize_minus_Ignore	Memorize - Ignore	CP3	30	0.84	0.109094049100979	0
Memorize_minus_Ignore	Memorize - Ignore	CP3	4	0.88	-0.349524606019258	0
Memorize_minus_Ignore	Memorize - Ignore	CP3	6	0.88	-0.495508700752488	1
Memorize_minus_Ignore	Memorize - Ignore	CP3	8	0.88	-0.577803179621696	1
Memorize_minus_Ignore	Memorize - Ignore	CP3	10	0.88	-0.562779892809116	1
Memorize_minus_Ignore	Memorize - Ignore	CP3	12	0.88	-0.469816435558292	1
Memorize_minus_Ignore	Memorize - Ignore	CP3	14	0.88	-0.230184782869541	0
Memorize_minus_Ignore	Memorize - Ignore	CP3	16	0.88	0.0141205271849265	0
Memorize_minus_Ignore	Memorize - Ignore	CP3	18	0.88	0.0963876473789032	0
Memorize_minus_Ignore	Memorize - Ignore	CP3	20	0.88	0.0579304217289274	0
Memorize_minus_Ignore	Memorize - Ignore	CP3	22	0.88	0.0201752845627757	0
Memorize_minus_Ignore	Memorize - Ignore	CP3	24	0.88	0.00487537785039212	0
Memorize_minus_Ignore	Memorize - Ignore	CP3	26	0.88	0.0102698844678413	0
Memorize_minus_Ignore	Memorize - Ignore	CP3	28	0.88	0.00833811381688485	0
Memorize_minus_Ignore	Memorize - Ignore	CP3	30	0.88	0.0576863704392543	0
Memorize_minus_Ignore	Memorize - Ignore	CP3	4	0.92	-0.280341805890203	0
Memorize_minus_Ignore	Memorize - Ignore	CP3	6	0.92	-0.512762583219088	1
Memorize_minus_Ignore	Memorize - Ignore	CP3	8	0.92	-0.576740879852038	1
Memorize_minus_Ignore	Memorize - Ignore	CP3	10	0.92	-0.590910301866153	1
Memorize_minus_Ignore	Memorize - Ignore	CP3	12	0.92	-0.484125919210223	1
Memorize_minus_Ignore	Memorize - Ignore	CP3	14	0.92	-0.198355933311037	0
Memorize_minus_Ignore	Memorize - Ignore	CP3	16	0.92	0.0527479854913858	0
Memorize_minus_Ignore	Memorize - Ignore	CP3	18	0.92	0.08623908377754	0
Memorize_minus_Ignore	Memorize - Ignore	CP3	20	0.92	0.0517892822121771	0
Memorize_minus_Ignore	Memorize - Ignore	CP3	22	0.92	0.0185880373017146	0
Memorize_minus_Ignore	Memorize - Ignore	CP3	24	0.92	-0.0009588923645564	0
Memorize_minus_Ignore	Memorize - Ignore	CP3	26	0.92	0.00888365736374488	0
Memorize_minus_Ignore	Memorize - Ignore	CP3	28	0.92	0.0554651827909625	0
Memorize_minus_Ignore	Memorize - Ignore	CP3	30	0.92	0.078159793611401	0
Memorize_minus_Ignore	Memorize - Ignore	CP3	4	0.96	-0.224989588470915	0
Memorize_minus_Ignore	Memorize - Ignore	CP3	6	0.96	-0.530793886345166	1
Memorize_minus_Ignore	Memorize - Ignore	CP3	8	0.96	-0.563728985376656	1
Memorize_minus_Ignore	Memorize - Ignore	CP3	10	0.96	-0.580785994776166	1
Memorize_minus_Ignore	Memorize - Ignore	CP3	12	0.96	-0.439794539617231	1
Memorize_minus_Ignore	Memorize - Ignore	CP3	14	0.96	-0.189298428881627	0
Memorize_minus_Ignore	Memorize - Ignore	CP3	16	0.96	0.0522814135138805	0
Memorize_minus_Ignore	Memorize - Ignore	CP3	18	0.96	0.100098283388294	0
Memorize_minus_Ignore	Memorize - Ignore	CP3	20	0.96	0.0825159402134327	0
Memorize_minus_Ignore	Memorize - Ignore	CP3	22	0.96	0.110885901591526	0
Memorize_minus_Ignore	Memorize - Ignore	CP3	24	0.96	0.162101135535452	0
Memorize_minus_Ignore	Memorize - Ignore	CP3	26	0.96	0.193960479675577	0
Memorize_minus_Ignore	Memorize - Ignore	CP3	28	0.96	0.234449253560832	0
Memorize_minus_Ignore	Memorize - Ignore	CP3	30	0.96	0.222796428232239	0
Memorize_minus_Ignore	Memorize - Ignore	CP3	4	1	-0.18815527526805	0
Memorize_minus_Ignore	Memorize - Ignore	CP3	6	1	-0.53110853353372	1
Memorize_minus_Ignore	Memorize - Ignore	CP3	8	1	-0.546170990126064	1
Memorize_minus_Ignore	Memorize - Ignore	CP3	10	1	-0.539048333419487	1
Memorize_minus_Ignore	Memorize - Ignore	CP3	12	1	-0.4221870379809	1
Memorize_minus_Ignore	Memorize - Ignore	CP3	14	1	-0.235176479873749	0
Memorize_minus_Ignore	Memorize - Ignore	CP3	16	1	0.0063579474360897	0
Memorize_minus_Ignore	Memorize - Ignore	CP3	18	1	0.129888034210755	0
Memorize_minus_Ignore	Memorize - Ignore	CP3	20	1	0.172168892736618	0
Memorize_minus_Ignore	Memorize - Ignore	CP3	22	1	0.18543660067595	0
Memorize_minus_Ignore	Memorize - Ignore	CP3	24	1	0.204113974307592	0
Memorize_minus_Ignore	Memorize - Ignore	CP3	26	1	0.220430455528773	0
Memorize_minus_Ignore	Memorize - Ignore	CP3	28	1	0.169186010079172	0
Memorize_minus_Ignore	Memorize - Ignore	CP3	30	1	0.144269116509419	0
Memorize_minus_Ignore	Memorize - Ignore	CP3	4	1.04	-0.167261263928734	0
Memorize_minus_Ignore	Memorize - Ignore	CP3	6	1.04	-0.513303152930278	1
Memorize_minus_Ignore	Memorize - Ignore	CP3	8	1.04	-0.53049936475089	1
Memorize_minus_Ignore	Memorize - Ignore	CP3	10	1.04	-0.491778450516554	1
Memorize_minus_Ignore	Memorize - Ignore	CP3	12	1.04	-0.423594222618983	1
Memorize_minus_Ignore	Memorize - Ignore	CP3	14	1.04	-0.33576854373006	1
Memorize_minus_Ignore	Memorize - Ignore	CP3	16	1.04	-0.0177722570996803	0
Memorize_minus_Ignore	Memorize - Ignore	CP3	18	1.04	0.212139148730785	0
Memorize_minus_Ignore	Memorize - Ignore	CP3	20	1.04	0.268695651983412	0
Memorize_minus_Ignore	Memorize - Ignore	CP3	22	1.04	0.213270042270709	0
Memorize_minus_Ignore	Memorize - Ignore	CP3	24	1.04	0.114864159447069	0
Memorize_minus_Ignore	Memorize - Ignore	CP3	26	1.04	0.0308435855146784	0
Memorize_minus_Ignore	Memorize - Ignore	CP3	28	1.04	-0.0395571822658754	0
Memorize_minus_Ignore	Memorize - Ignore	CP3	30	1.04	-0.118447883036704	0
Memorize_minus_Ignore	Memorize - Ignore	CP3	4	1.08	-0.159979376941919	0
Memorize_minus_Ignore	Memorize - Ignore	CP3	6	1.08	-0.48007161982465	1
Memorize_minus_Ignore	Memorize - Ignore	CP3	8	1.08	-0.505602166629755	1
Memorize_minus_Ignore	Memorize - Ignore	CP3	10	1.08	-0.454410437494516	1
Memorize_minus_Ignore	Memorize - Ignore	CP3	12	1.08	-0.386687739680593	1
Memorize_minus_Ignore	Memorize - Ignore	CP3	14	1.08	-0.320865111532979	1
Memorize_minus_Ignore	Memorize - Ignore	CP3	16	1.08	-0.0579626323798528	0
Memorize_minus_Ignore	Memorize - Ignore	CP3	18	1.08	0.096263155197868	0
Memorize_minus_Ignore	Memorize - Ignore	CP3	20	1.08	0.103724430977868	0
Memorize_minus_Ignore	Memorize - Ignore	CP3	22	1.08	0.00607003479336317	0
Memorize_minus_Ignore	Memorize - Ignore	CP3	24	1.08	-0.0605890072452334	0
Memorize_minus_Ignore	Memorize - Ignore	CP3	26	1.08	-0.0463203554614805	0
Memorize_minus_Ignore	Memorize - Ignore	CP3	28	1.08	-0.0274900590571073	0
Memorize_minus_Ignore	Memorize - Ignore	CP3	30	1.08	0.0191246824374852	0
Memorize_minus_Ignore	Memorize - Ignore	CP3	4	1.12	-0.161689141048835	0
Memorize_minus_Ignore	Memorize - Ignore	CP3	6	1.12	-0.434009752594508	1
Memorize_minus_Ignore	Memorize - Ignore	CP3	8	1.12	-0.457908832109891	1
Memorize_minus_Ignore	Memorize - Ignore	CP3	10	1.12	-0.421834106485431	1
Memorize_minus_Ignore	Memorize - Ignore	CP3	12	1.12	-0.347566776353723	1
Memorize_minus_Ignore	Memorize - Ignore	CP3	14	1.12	-0.193107676611712	0
Memorize_minus_Ignore	Memorize - Ignore	CP3	16	1.12	-0.042148535596565	0
Memorize_minus_Ignore	Memorize - Ignore	CP3	18	1.12	-0.0658034233089823	0
Memorize_minus_Ignore	Memorize - Ignore	CP3	20	1.12	-0.115514685892357	0
Memorize_minus_Ignore	Memorize - Ignore	CP3	22	1.12	-0.154610867397143	0
Memorize_minus_Ignore	Memorize - Ignore	CP3	24	1.12	-0.200252016504797	0
Memorize_minus_Ignore	Memorize - Ignore	CP3	26	1.12	-0.227516467304667	0
Memorize_minus_Ignore	Memorize - Ignore	CP3	28	1.12	-0.199918159247878	0
Memorize_minus_Ignore	Memorize - Ignore	CP3	30	1.12	-0.176101790006774	0
Memorize_minus_Ignore	Memorize - Ignore	CP3	4	1.16	-0.167856418491843	0
Memorize_minus_Ignore	Memorize - Ignore	CP3	6	1.16	-0.38685338342419	0
Memorize_minus_Ignore	Memorize - Ignore	CP3	8	1.16	-0.393392557851397	1
Memorize_minus_Ignore	Memorize - Ignore	CP3	10	1.16	-0.394642534056822	1
Memorize_minus_Ignore	Memorize - Ignore	CP3	12	1.16	-0.344832900338448	1
Memorize_minus_Ignore	Memorize - Ignore	CP3	14	1.16	-0.191654113909373	0
Memorize_minus_Ignore	Memorize - Ignore	CP3	16	1.16	-0.0433526321385915	0
Memorize_minus_Ignore	Memorize - Ignore	CP3	18	1.16	-0.0807743190492217	0
Memorize_minus_Ignore	Memorize - Ignore	CP3	20	1.16	-0.101846209261566	0
Memorize_minus_Ignore	Memorize - Ignore	CP3	22	1.16	-0.110954222914118	0
Memorize_minus_Ignore	Memorize - Ignore	CP3	24	1.16	-0.114216399092514	0
Memorize_minus_Ignore	Memorize - Ignore	CP3	26	1.16	-0.121922016251259	0
Memorize_minus_Ignore	Memorize - Ignore	CP3	28	1.16	-0.125379462941335	0
Memorize_minus_Ignore	Memorize - Ignore	CP3	30	1.16	-0.138100937465564	0
Memorize_minus_Ignore	Memorize - Ignore	CP3	4	1.2	-0.174526013433933	0
Memorize_minus_Ignore	Memorize - Ignore	CP3	6	1.2	-0.348100089790443	0
Memorize_minus_Ignore	Memorize - Ignore	CP3	8	1.2	-0.317946533650124	1
Memorize_minus_Ignore	Memorize - Ignore	CP3	10	1.2	-0.358713167647903	0
Memorize_minus_Ignore	Memorize - Ignore	CP3	12	1.2	-0.355247244274674	1
Memorize_minus_Ignore	Memorize - Ignore	CP3	14	1.2	-0.272909732535481	1
Memorize_minus_Ignore	Memorize - Ignore	CP3	16	1.2	-0.174629596348565	0
Memorize_minus_Ignore	Memorize - Ignore	CP3	18	1.2	-0.147031403934726	0
Memorize_minus_Ignore	Memorize - Ignore	CP3	20	1.2	-0.0717482166096138	0
Memorize_minus_Ignore	Memorize - Ignore	CP3	22	1.2	-0.0170036684967971	0
Memorize_minus_Ignore	Memorize - Ignore	CP3	24	1.2	-0.0267777268130046	0
Memorize_minus_Ignore	Memorize - Ignore	CP3	26	1.2	-0.0738054789029635	0
Memorize_minus_Ignore	Memorize - Ignore	CP3	28	1.2	-0.128649627861495	0
Memorize_minus_Ignore	Memorize - Ignore	CP3	30	1.2	-0.126353693767809	0
Memorize_minus_Ignore	Memorize - Ignore	CP3	4	1.24	-0.182302963418456	0
Memorize_minus_Ignore	Memorize - Ignore	CP3	6	1.24	-0.330305511060242	0
Memorize_minus_Ignore	Memorize - Ignore	CP3	8	1.24	-0.259359024680005	0
Memorize_minus_Ignore	Memorize - Ignore	CP3	10	1.24	-0.299613094655797	0
Memorize_minus_Ignore	Memorize - Ignore	CP3	12	1.24	-0.321763081905934	0
Memorize_minus_Ignore	Memorize - Ignore	CP3	14	1.24	-0.220574476720335	0
Memorize_minus_Ignore	Memorize - Ignore	CP3	16	1.24	-0.154977789005408	0
Memorize_minus_Ignore	Memorize - Ignore	CP3	18	1.24	-0.105692969778409	0
Memorize_minus_Ignore	Memorize - Ignore	CP3	20	1.24	-0.0496058282800592	0
Memorize_minus_Ignore	Memorize - Ignore	CP3	22	1.24	-0.00459176459564612	0
Memorize_minus_Ignore	Memorize - Ignore	CP3	24	1.24	-0.0212972312807464	0
Memorize_minus_Ignore	Memorize - Ignore	CP3	26	1.24	-0.0777623758006554	0
Memorize_minus_Ignore	Memorize - Ignore	CP3	28	1.24	-0.105062424133603	0
Memorize_minus_Ignore	Memorize - Ignore	CP3	30	1.24	-0.103276951310153	0
Memorize_minus_Ignore	Memorize - Ignore	CP3	4	1.28	-0.192030838762338	0
Memorize_minus_Ignore	Memorize - Ignore	CP3	6	1.28	-0.340943108384426	0
Memorize_minus_Ignore	Memorize - Ignore	CP3	8	1.28	-0.254696379738072	0
Memorize_minus_Ignore	Memorize - Ignore	CP3	10	1.28	-0.248084138362454	0
Memorize_minus_Ignore	Memorize - Ignore	CP3	12	1.28	-0.247548285923236	0
Memorize_minus_Ignore	Memorize - Ignore	CP3	14	1.28	-0.191034266008781	0
Memorize_minus_Ignore	Memorize - Ignore	CP3	16	1.28	-0.13173719880601	0
Memorize_minus_Ignore	Memorize - Ignore	CP3	18	1.28	-0.155423870525108	0
Memorize_minus_Ignore	Memorize - Ignore	CP3	20	1.28	-0.140602711962017	0
Memorize_minus_Ignore	Memorize - Ignore	CP3	22	1.28	-0.126824524110326	0
Memorize_minus_Ignore	Memorize - Ignore	CP3	24	1.28	-0.10062138381629	0
Memorize_minus_Ignore	Memorize - Ignore	CP3	26	1.28	-0.0832219331596906	0
Memorize_minus_Ignore	Memorize - Ignore	CP3	28	1.28	-0.0725417571285596	0
Memorize_minus_Ignore	Memorize - Ignore	CP3	30	1.28	-0.0456474989724274	0
Memorize_minus_Ignore	Memorize - Ignore	CP3	4	1.32	-0.202818515495612	0
Memorize_minus_Ignore	Memorize - Ignore	CP3	6	1.32	-0.371505097342798	0
Memorize_minus_Ignore	Memorize - Ignore	CP3	8	1.32	-0.313327297496681	0
Memorize_minus_Ignore	Memorize - Ignore	CP3	10	1.32	-0.255801798417591	0
Memorize_minus_Ignore	Memorize - Ignore	CP3	12	1.32	-0.196859286095087	0
Memorize_minus_Ignore	Memorize - Ignore	CP3	14	1.32	-0.272308636707469	0
Memorize_minus_Ignore	Memorize - Ignore	CP3	16	1.32	-0.398495416586789	1
Memorize_minus_Ignore	Memorize - Ignore	CP3	18	1.32	-0.341491928252463	1
Memorize_minus_Ignore	Memorize - Ignore	CP3	20	1.32	-0.212436694830943	0
Memorize_minus_Ignore	Memorize - Ignore	CP3	22	1.32	-0.174825633947666	0
Memorize_minus_Ignore	Memorize - Ignore	CP3	24	1.32	-0.21372418363507	0
Memorize_minus_Ignore	Memorize - Ignore	CP3	26	1.32	-0.23131288588047	0
Memorize_minus_Ignore	Memorize - Ignore	CP3	28	1.32	-0.192145102979759	0
Memorize_minus_Ignore	Memorize - Ignore	CP3	30	1.32	-0.124562202594601	0
Memorize_minus_Ignore	Memorize - Ignore	CP3	4	1.36	-0.215674463372964	0
Memorize_minus_Ignore	Memorize - Ignore	CP3	6	1.36	-0.400611192847674	0
Memorize_minus_Ignore	Memorize - Ignore	CP3	8	1.36	-0.399900065878263	1
Memorize_minus_Ignore	Memorize - Ignore	CP3	10	1.36	-0.334022750075047	0
Memorize_minus_Ignore	Memorize - Ignore	CP3	12	1.36	-0.219343237435588	0
Memorize_minus_Ignore	Memorize - Ignore	CP3	14	1.36	-0.233570721072073	0
Memorize_minus_Ignore	Memorize - Ignore	CP3	16	1.36	-0.348206790880515	1
Memorize_minus_Ignore	Memorize - Ignore	CP3	18	1.36	-0.310517522721336	1
Memorize_minus_Ignore	Memorize - Ignore	CP3	20	1.36	-0.267198104124803	1
Memorize_minus_Ignore	Memorize - Ignore	CP3	22	1.36	-0.242640494440611	1
Memorize_minus_Ignore	Memorize - Ignore	CP3	24	1.36	-0.234961473024808	0
Memorize_minus_Ignore	Memorize - Ignore	CP3	26	1.36	-0.206626527727796	0
Memorize_minus_Ignore	Memorize - Ignore	CP3	28	1.36	-0.156746440495436	0
Memorize_minus_Ignore	Memorize - Ignore	CP3	30	1.36	-0.111125163733959	0
Memorize_minus_Ignore	Memorize - Ignore	CP3	4	1.4	-0.230358139683421	0
Memorize_minus_Ignore	Memorize - Ignore	CP3	6	1.4	-0.407273027616052	0
Memorize_minus_Ignore	Memorize - Ignore	CP3	8	1.4	-0.470558286860558	1
Memorize_minus_Ignore	Memorize - Ignore	CP3	10	1.4	-0.426885201380803	1
Memorize_minus_Ignore	Memorize - Ignore	CP3	12	1.4	-0.283184029376851	0
Memorize_minus_Ignore	Memorize - Ignore	CP3	14	1.4	-0.113126071313253	0
Memorize_minus_Ignore	Memorize - Ignore	CP3	16	1.4	-0.062798049300909	0
Memorize_minus_Ignore	Memorize - Ignore	CP3	18	1.4	-0.0521292210771487	0
Memorize_minus_Ignore	Memorize - Ignore	CP3	20	1.4	-0.0809795069866455	0
Memorize_minus_Ignore	Memorize - Ignore	CP3	22	1.4	-0.068323671244658	0
Memorize_minus_Ignore	Memorize - Ignore	CP3	24	1.4	-0.0487470210601504	0
Memorize_minus_Ignore	Memorize - Ignore	CP3	26	1.4	-0.00825599423394753	0
Memorize_minus_Ignore	Memorize - Ignore	CP3	28	1.4	0.0754160657525063	0
Memorize_minus_Ignore	Memorize - Ignore	CP3	30	1.4	0.0531124045105221	0
Probe_minus_Memorize	Probe - Memorize	CP4	4	0	0.35189776821062	0
Probe_minus_Memorize	Probe - Memorize	CP4	6	0	-0.063221391200876	0
Probe_minus_Memorize	Probe - Memorize	CP4	8	0	-0.297901955880941	0
Probe_minus_Memorize	Probe - Memorize	CP4	10	0	-0.314733000113987	0
Probe_minus_Memorize	Probe - Memorize	CP4	12	0	-0.0989523919729086	0
Probe_minus_Memorize	Probe - Memorize	CP4	14	0	-0.0105303348256991	0
Probe_minus_Memorize	Probe - Memorize	CP4	16	0	0.101309079963427	0
Probe_minus_Memorize	Probe - Memorize	CP4	18	0	0.142812841786788	0
Probe_minus_Memorize	Probe - Memorize	CP4	20	0	0.128905210357446	0
Probe_minus_Memorize	Probe - Memorize	CP4	22	0	0.0315049789272822	0
Probe_minus_Memorize	Probe - Memorize	CP4	24	0	-0.133634846227673	0
Probe_minus_Memorize	Probe - Memorize	CP4	26	0	-0.281534904470811	0
Probe_minus_Memorize	Probe - Memorize	CP4	28	0	-0.33632014090052	0
Probe_minus_Memorize	Probe - Memorize	CP4	30	0	-0.380581874579478	0
Probe_minus_Memorize	Probe - Memorize	CP4	4	0.04	0.333931942685292	0
Probe_minus_Memorize	Probe - Memorize	CP4	6	0.04	-0.125854597785152	0
Probe_minus_Memorize	Probe - Memorize	CP4	8	0.04	-0.426589911373762	0
Probe_minus_Memorize	Probe - Memorize	CP4	10	0.04	-0.498046548034136	1
Probe_minus_Memorize	Probe - Memorize	CP4	12	0.04	-0.182014613627241	0
Probe_minus_Memorize	Probe - Memorize	CP4	14	0.04	-0.0208545923233032	0
Probe_minus_Memorize	Probe - Memorize	CP4	16	0.04	-0.0148764438927174	0
Probe_minus_Memorize	Probe - Memorize	CP4	18	0.04	-0.0732105056253763	0
Probe_minus_Memorize	Probe - Memorize	CP4	20	0.04	-0.0918899144117649	0
Probe_minus_Memorize	Probe - Memorize	CP4	22	0.04	-0.112437704237751	0
Probe_minus_Memorize	Probe - Memorize	CP4	24	0.04	-0.119861746780001	0
Probe_minus_Memorize	Probe - Memorize	CP4	26	0.04	-0.134809914188316	0
Probe_minus_Memorize	Probe - Memorize	CP4	28	0.04	-0.107919999469931	0
Probe_minus_Memorize	Probe - Memorize	CP4	30	0.04	-0.0806602909444616	0
Probe_minus_Memorize	Probe - Memorize	CP4	4	0.0800000000000001	0.313860195402343	0
Probe_minus_Memorize	Probe - Memorize	CP4	6	0.0800000000000001	-0.177515479933041	0
Probe_minus_Memorize	Probe - Memorize	CP4	8	0.0800000000000001	-0.614374871437366	0
Probe_minus_Memorize	Probe - Memorize	CP4	10	0.0800000000000001	-0.749551022138733	1
Probe_minus_Memorize	Probe - Memorize	CP4	12	0.0800000000000001	-0.381876001525178	0
Probe_minus_Memorize	Probe - Memorize	CP4	14	0.0800000000000001	-0.0253998711643642	0
Probe_minus_Memorize	Probe - Memorize	CP4	16	0.0800000000000001	-0.103814525529742	0
Probe_minus_Memorize	Probe - Memorize	CP4	18	0.0800000000000001	-0.290571121642223	0
Probe_minus_Memorize	Probe - Memorize	CP4	20	0.0800000000000001	-0.379927252132732	0
Probe_minus_Memorize	Probe - Memorize	CP4	22	0.0800000000000001	-0.439757278332343	1
Probe_minus_Memorize	Probe - Memorize	CP4	24	0.0800000000000001	-0.479320157534228	1
Probe_minus_Memorize	Probe - Memorize	CP4	26	0.0800000000000001	-0.413441326755744	0
Probe_minus_Memorize	Probe - Memorize	CP4	28	0.0800000000000001	-0.219541160461421	0
Probe_minus_Memorize	Probe - Memorize	CP4	30	0.0800000000000001	-0.0530377633583087	0
Probe_minus_Memorize	Probe - Memorize	CP4	4	0.12	0.297760831765257	0
Probe_minus_Memorize	Probe - Memorize	CP4	6	0.12	-0.167075119626064	0
Probe_minus_Memorize	Probe - Memorize	CP4	8	0.12	-0.835728995573635	1
Probe_minus_Memorize	Probe - Memorize	CP4	10	0.12	-1.02105616548887	1
Probe_minus_Memorize	Probe - Memorize	CP4	12	0.12	-0.636327303659457	1
Probe_minus_Memorize	Probe - Memorize	CP4	14	0.12	-0.183636364885248	0
Probe_minus_Memorize	Probe - Memorize	CP4	16	0.12	-0.0862946732399555	0
Probe_minus_Memorize	Probe - Memorize	CP4	18	0.12	-0.218718774401798	0
Probe_minus_Memorize	Probe - Memorize	CP4	20	0.12	-0.316818583756685	0
Probe_minus_Memorize	Probe - Memorize	CP4	22	0.12	-0.331179852955616	0
Probe_minus_Memorize	Probe - Memorize	CP4	24	0.12	-0.306864601774858	0
Probe_minus_Memorize	Probe - Memorize	CP4	26	0.12	-0.245012524179541	0
Probe_minus_Memorize	Probe - Memorize	CP4	28	0.12	-0.14934440358327	0
Probe_minus_Memorize	Probe - Memorize	CP4	30	0.12	-0.0775234114665252	0
Probe_minus_Memorize	Probe - Memorize	CP4	4	0.16	0.290329938038037	0
Probe_minus_Memorize	Probe - Memorize	CP4	6	0.16	-0.08865882585255	0
Probe_minus_Memorize	Probe - Memorize	CP4	8	0.16	-1.0454323091186	1
Probe_minus_Memorize	Probe - Memorize	CP4	10	0.16	-1.25489009220081	1
Probe_minus_Memorize	Probe - Memorize	CP4	12	0.16	-0.794277381151915	1
Probe_minus_Memorize	Probe - Memorize	CP4	14	0.16	-0.30552373912472	0
Probe_minus_Memorize	Probe - Memorize	CP4	16	0.16	-0.121924855746329	0
Probe_minus_Memorize	Probe - Memorize	CP4	18	0.16	-0.202539732823005	0
Probe_minus_Memorize	Probe - Memorize	CP4	20	0.16	-0.274116535026294	0
Probe_minus_Memorize	Probe - Memorize	CP4	22	0.16	-0.293484192914688	0
Probe_minus_Memorize	Probe - Memorize	CP4	24	0.16	-0.270452579053549	0
Probe_minus_Memorize	Probe - Memorize	CP4	26	0.16	-0.233501780419969	0
Probe_minus_Memorize	Probe - Memorize	CP4	28	0.16	-0.163450561177272	0
Probe_minus_Memorize	Probe - Memorize	CP4	30	0.16	-0.0480975657701492	0
Probe_minus_Memorize	Probe - Memorize	CP4	4	0.2	0.295737220977361	0
Probe_minus_Memorize	Probe - Memorize	CP4	6	0.2	0.0176146775484085	0
Probe_minus_Memorize	Probe - Memorize	CP4	8	0.2	-1.20333529564624	1
Probe_minus_Memorize	Probe - Memorize	CP4	10	0.2	-1.43317078627073	1
Probe_minus_Memorize	Probe - Memorize	CP4	12	0.2	-0.893769514388763	1
Probe_minus_Memorize	Probe - Memorize	CP4	14	0.2	-0.305325059936597	0
Probe_minus_Memorize	Probe - Memorize	CP4	16	0.2	-0.22472407668829	0
Probe_minus_Memorize	Probe - Memorize	CP4	18	0.2	-0.475220087629098	1
Probe_minus_Memorize	Probe - Memorize	CP4	20	0.2	-0.614725118646255	1
Probe_minus_Memorize	Probe - Memorize	CP4	22	0.2	-0.684012460593994	1
Probe_minus_Memorize	Probe - Memorize	CP4	24	0.2	-0.662377363214126	1
Probe_minus_Memorize	Probe - Memorize	CP4	26	0.2	-0.548158447902936	1
Probe_minus_Memorize	Probe - Memorize	CP4	28	0.2	-0.382117851995505	0
Probe_minus_Memorize	Probe - Memorize	CP4	30	0.2	-0.234544292461718	0
Probe_minus_Memorize	Probe - Memorize	CP4	4	0.24	0.321841073150818	0
Probe_minus_Memorize	Probe - Memorize	CP4	6	0.24	0.0793851144038714	0
Probe_minus_Memorize	Probe - Memorize	CP4	8	0.24	-1.30133279685218	1
Probe_minus_Memorize	Probe - Memorize	CP4	10	0.24	-1.63809922108283	1
Probe_minus_Memorize	Probe - Memorize	CP4	12	0.24	-1.0874534137547	1
Probe_minus_Memorize	Probe - Memorize	CP4	14	0.24	-0.514259357578479	0
Probe_minus_Memorize	Probe - Memorize	CP4	16	0.24	-0.446882622173199	1
Probe_minus_Memorize	Probe - Memorize	CP4	18	0.24	-0.705897973277248	1
Probe_minus_Memorize	Probe - Memorize	CP4	20	0.24	-0.767309333842534	1
Probe_minus_Memorize	Probe - Memorize	CP4	22	0.24	-0.752254807318632	1
Probe_minus_Memorize	Probe - Memorize	CP4	24	0.24	-0.703789622021409	1
Probe_minus_Memorize	Probe - Memorize	CP4	26	0.24	-0.656978352138629	1
Probe_minus_Memorize	Probe - Memorize	CP4	28	0.24	-0.607006564736366	1
Probe_minus_Memorize	Probe - Memorize	CP4	30	0.24	-0.502135152283769	1
Probe_minus_Memorize	Probe - Memorize	CP4	4	0.28	0.378001611966353	0
Probe_minus_Memorize	Probe - Memorize	CP4	6	0.28	0.0422699348284648	0
Probe_minus_Memorize	Probe - Memorize	CP4	8	0.28	-1.42493342092404	1
Probe_minus_Memorize	Probe - Memorize	CP4	10	0.28	-1.95500510730422	1
Probe_minus_Memorize	Probe - Memorize	CP4	12	0.28	-1.40272451994511	1
Probe_minus_Memorize	Probe - Memorize	CP4	14	0.28	-0.909690995772298	1
Probe_minus_Memorize	Probe - Memorize	CP4	16	0.28	-0.901076247055943	1
Probe_minus_Memorize	Probe - Memorize	CP4	18	0.28	-0.968937317912395	1
Probe_minus_Memorize	Probe - Memorize	CP4	20	0.28	-0.805951226216096	1
Probe_minus_Memorize	Probe - Memorize	CP4	22	0.28	-0.686596321371885	1
Probe_minus_Memorize	Probe - Memorize	CP4	24	0.28	-0.653167195045031	1
Probe_minus_Memorize	Probe - Memorize	CP4	26	0.28	-0.654925895138429	1
Probe_minus_Memorize	Probe - Memorize	CP4	28	0.28	-0.601450780263314	1
Probe_minus_Memorize	Probe - Memorize	CP4	30	0.28	-0.505374657885673	1
Probe_minus_Memorize	Probe - Memorize	CP4	4	0.32	0.467606692359998	0
Probe_minus_Memorize	Probe - Memorize	CP4	6	0.32	-0.0974639339659076	0
Probe_minus_Memorize	Probe - Memorize	CP4	8	0.32	-1.69113691580983	1
Probe_minus_Memorize	Probe - Memorize	CP4	10	0.32	-2.39637600974395	1
Probe_minus_Memorize	Probe - Memorize	CP4	12	0.32	-1.77316067224512	1
Probe_minus_Memorize	Probe - Memorize	CP4	14	0.32	-1.10593636319614	1
Probe_minus_Memorize	Probe - Memorize	CP4	16	0.32	-1.13664169724171	1
Probe_minus_Memorize	Probe - Memorize	CP4	18	0.32	-1.26990575973804	1
Probe_minus_Memorize	Probe - Memorize	CP4	20	0.32	-1.08776758955075	1
Probe_minus_Memorize	Probe - Memorize	CP4	22	0.32	-0.922827302263333	1
Probe_minus_Memorize	Probe - Memorize	CP4	24	0.32	-0.81649594510404	1
Probe_minus_Memorize	Probe - Memorize	CP4	26	0.32	-0.754151155455754	1
Probe_minus_Memorize	Probe - Memorize	CP4	28	0.32	-0.727892436252799	1
Probe_minus_Memorize	Probe - Memorize	CP4	30	0.32	-0.680201755424675	1
Probe_minus_Memorize	Probe - Memorize	CP4	4	0.36	0.579128984970829	0
Probe_minus_Memorize	Probe - Memorize	CP4	6	0.36	-0.309997774660587	0
Probe_minus_Memorize	Probe - Memorize	CP4	8	0.36	-2.13741378758389	1
Probe_minus_Memorize	Probe - Memorize	CP4	10	0.36	-2.90866170938198	1
Probe_minus_Memorize	Probe - Memorize	CP4	12	0.36	-2.13679414145792	1
Probe_minus_Memorize	Probe - Memorize	CP4	14	0.36	-1.22375007117024	1
Probe_minus_Memorize	Probe - Memorize	CP4	16	0.36	-1.10363249853253	1
Probe_minus_Memorize	Probe - Memorize	CP4	18	0.36	-1.41088135884358	1
Probe_minus_Memorize	Probe - Memorize	CP4	20	0.36	-1.44206307026056	1
Probe_minus_Memorize	Probe - Memorize	CP4	22	0.36	-1.2976567538885	1
Probe_minus_Memorize	Probe - Memorize	CP4	24	0.36	-1.12926196285452	1
Probe_minus_Memorize	Probe - Memorize	CP4	26	0.36	-1.01483856757673	1
Probe_minus_Memorize	Probe - Memorize	CP4	28	0.36	-0.887846453831746	1
Probe_minus_Memorize	Probe - Memorize	CP4	30	0.36	-0.809931744104968	1
Probe_minus_Memorize	Probe - Memorize	CP4	4	0.4	0.692443346174864	0
Probe_minus_Memorize	Probe - Memorize	CP4	6	0.4	-0.567547214718965	0
Probe_minus_Memorize	Probe - Memorize	CP4	8	0.4	-2.68983619488203	1
Probe_minus_Memorize	Probe - Memorize	CP4	10	0.4	-3.43161631318239	1
Probe_minus_Memorize	Probe - Memorize	CP4	12	0.4	-2.46796470006498	1
Probe_minus_Memorize	Probe - Memorize	CP4	14	0.4	-1.40396078217488	1
Probe_minus_Memorize	Probe - Memorize	CP4	16	0.4	-1.1412679077341	1
Probe_minus_Memorize	Probe - Memorize	CP4	18	0.4	-1.53016361307639	1
Probe_minus_Memorize	Probe - Memorize	CP4	20	0.4	-1.6288935974097	1
Probe_minus_Memorize	Probe - Memorize	CP4	22	0.4	-1.46963562214604	1
Probe_minus_Memorize	Probe - Memorize	CP4	24	0.4	-1.23166113977249	1
Probe_minus_Memorize	Probe - Memorize	CP4	26	0.4	-1.06803306435736	1
Probe_minus_Memorize	Probe - Memorize	CP4	28	0.4	-0.943379754487139	1
Probe_minus_Memorize	Probe - Memorize	CP4	30	0.4	-0.871284964888428	1
Probe_minus_Memorize	Probe - Memorize	CP4	4	0.44	0.785533400682303	0
Probe_minus_Memorize	Probe - Memorize	CP4	6	0.44	-0.869815445290162	0
Probe_minus_Memorize	Probe - Memorize	CP4	8	0.44	-3.24710229956187	1
Probe_minus_Memorize	Probe - Memorize	CP4	10	0.44	-3.94374443934514	1
Probe_minus_Memorize	Probe - Memorize	CP4	12	0.44	-2.84976053476119	1
Probe_minus_Memorize	Probe - Memorize	CP4	14	0.44	-1.66012766771019	1
Probe_minus_Memorize	Probe - Memorize	CP4	16	0.44	-1.35804352565454	1
Probe_minus_Memorize	Probe - Memorize	CP4	18	0.44	-1.70901560439513	1
Probe_minus_Memorize	Probe - Memorize	CP4	20	0.44	-1.81792887916359	1
Probe_minus_Memorize	Probe - Memorize	CP4	22	0.44	-1.66465727870281	1
Probe_minus_Memorize	Probe - Memorize	CP4	24	0.44	-1.42574333514159	1
Probe_minus_Memorize	Probe - Memorize	CP4	26	0.44	-1.20325715925831	1
Probe_minus_Memorize	Probe - Memorize	CP4	28	0.44	-0.954028768858944	1
Probe_minus_Memorize	Probe - Memorize	CP4	30	0.44	-0.772522442329388	1
Probe_minus_Memorize	Probe - Memorize	CP4	4	0.48	0.841486893307704	0
Probe_minus_Memorize	Probe - Memorize	CP4	6	0.48	-1.21710963833791	1
Probe_minus_Memorize	Probe - Memorize	CP4	8	0.48	-3.75392580032349	1
Probe_minus_Memorize	Probe - Memorize	CP4	10	0.48	-4.45449181703421	1
Probe_minus_Memorize	Probe - Memorize	CP4	12	0.48	-3.28448274330451	1
Probe_minus_Memorize	Probe - Memorize	CP4	14	0.48	-1.93602182314946	1
Probe_minus_Memorize	Probe - Memorize	CP4	16	0.48	-1.47385052964091	1
Probe_minus_Memorize	Probe - Memorize	CP4	18	0.48	-1.75908047247391	1
Probe_minus_Memorize	Probe - Memorize	CP4	20	0.48	-1.83112633228302	1
Probe_minus_Memorize	Probe - Memorize	CP4	22	0.48	-1.629119425224	1
Probe_minus_Memorize	Probe - Memorize	CP4	24	0.48	-1.31846218384229	1
Probe_minus_Memorize	Probe - Memorize	CP4	26	0.48	-1.03855783477999	1
Probe_minus_Memorize	Probe - Memorize	CP4	28	0.48	-0.789257938113923	0
Probe_minus_Memorize	Probe - Memorize	CP4	30	0.48	-0.697215482306022	0
Probe_minus_Memorize	Probe - Memorize	CP4	4	0.52	0.847598680796532	0
Probe_minus_Memorize	Probe - Memorize	CP4	6	0.52	-1.59791314501602	1
Probe_minus_Memorize	Probe - Memorize	CP4	8	0.52	-4.21448826789856	1
Probe_minus_Memorize	Probe - Memorize	CP4	10	0.52	-4.95666335637753	1
Probe_minus_Memorize	Probe - Memorize	CP4	12	0.52	-3.72308564988466	1
Probe_minus_Memorize	Probe - Memorize	CP4	14	0.52	-2.34028021418131	1
Probe_minus_Memorize	Probe - Memorize	CP4	16	0.52	-1.72513861266466	1
Probe_minus_Memorize	Probe - Memorize	CP4	18	0.52	-1.87552812695503	1
Probe_minus_Memorize	Probe - Memorize	CP4	20	0.52	-1.87601528431361	1
Probe_minus_Memorize	Probe - Memorize	CP4	22	0.52	-1.68735227877131	1
Probe_minus_Memorize	Probe - Memorize	CP4	24	0.52	-1.40396717534615	1
Probe_minus_Memorize	Probe - Memorize	CP4	26	0.52	-1.18774890326537	1
Probe_minus_Memorize	Probe - Memorize	CP4	28	0.52	-1.01708270086629	1
Probe_minus_Memorize	Probe - Memorize	CP4	30	0.52	-0.845015193120791	1
Probe_minus_Memorize	Probe - Memorize	CP4	4	0.56	0.798764192714141	0
Probe_minus_Memorize	Probe - Memorize	CP4	6	0.56	-1.96524473050466	1
Probe_minus_Memorize	Probe - Memorize	CP4	8	0.56	-4.65803966026467	1
Probe_minus_Memorize	Probe - Memorize	CP4	10	0.56	-5.38725654207743	1
Probe_minus_Memorize	Probe - Memorize	CP4	12	0.56	-4.05386846225995	1
Probe_minus_Memorize	Probe - Memorize	CP4	14	0.56	-2.638634037513	1
Probe_minus_Memorize	Probe - Memorize	CP4	16	0.56	-2.08887881986224	1
Probe_minus_Memorize	Probe - Memorize	CP4	18	0.56	-2.2106546119142	1
Probe_minus_Memorize	Probe - Memorize	CP4	20	0.56	-2.0740871956357	1
Probe_minus_Memorize	Probe - Memorize	CP4	22	0.56	-1.7158130229397	1
Probe_minus_Memorize	Probe - Memorize	CP4	24	0.56	-1.36471613252965	1
Probe_minus_Memorize	Probe - Memorize	CP4	26	0.56	-1.11668020257583	1
Probe_minus_Memorize	Probe - Memorize	CP4	28	0.56	-0.825856185303285	1
Probe_minus_Memorize	Probe - Memorize	CP4	30	0.56	-0.701439903046076	0
Probe_minus_Memorize	Probe - Memorize	CP4	4	0.6	0.702347207957735	0
Probe_minus_Memorize	Probe - Memorize	CP4	6	0.6	-2.26721230622094	1
Probe_minus_Memorize	Probe - Memorize	CP4	8	0.6	-5.07282818509982	1
Probe_minus_Memorize	Probe - Memorize	CP4	10	0.6	-5.70234814630105	1
Probe_minus_Memorize	Probe - Memorize	CP4	12	0.6	-4.246542546325	1
Probe_minus_Memorize	Probe - Memorize	CP4	14	0.6	-2.70260287935917	1
Probe_minus_Memorize	Probe - Memorize	CP4	16	0.6	-2.12354311289696	1
Probe_minus_Memorize	Probe - Memorize	CP4	18	0.6	-2.19430706793299	1
Probe_minus_Memorize	Probe - Memorize	CP4	20	0.6	-2.04822629521816	1
Probe_minus_Memorize	Probe - Memorize	CP4	22	0.6	-1.64276173080389	1
Probe_minus_Memorize	Probe - Memorize	CP4	24	0.6	-1.24468587636231	1
Probe_minus_Memorize	Probe - Memorize	CP4	26	0.6	-1.02852273660784	1
Probe_minus_Memorize	Probe - Memorize	CP4	28	0.6	-0.889435655222489	1
Probe_minus_Memorize	Probe - Memorize	CP4	30	0.6	-0.752798446095907	0
Probe_minus_Memorize	Probe - Memorize	CP4	4	0.64	0.574738237003867	0
Probe_minus_Memorize	Probe - Memorize	CP4	6	0.64	-2.49635749740096	1
Probe_minus_Memorize	Probe - Memorize	CP4	8	0.64	-5.40929810080427	1
Probe_minus_Memorize	Probe - Memorize	CP4	10	0.64	-5.85899869323923	1
Probe_minus_Memorize	Probe - Memorize	CP4	12	0.64	-4.30506179051904	1
Probe_minus_Memorize	Probe - Memorize	CP4	14	0.64	-2.76455086297714	1
Probe_minus_Memorize	Probe - Memorize	CP4	16	0.64	-2.23283642473129	1
Probe_minus_Memorize	Probe - Memorize	CP4	18	0.64	-2.22931430703745	1
Probe_minus_Memorize	Probe - Memorize	CP4	20	0.64	-2.00175027663891	1
Probe_minus_Memorize	Probe - Memorize	CP4	22	0.64	-1.64450268819928	1
Probe_minus_Memorize	Probe - Memorize	CP4	24	0.64	-1.31854220130481	1
Probe_minus_Memorize	Probe - Memorize	CP4	26	0.64	-1.09817928487722	1
Probe_minus_Memorize	Probe - Memorize	CP4	28	0.64	-0.905412763643723	1
Probe_minus_Memorize	Probe - Memorize	CP4	30	0.64	-0.814121497365145	1
Probe_minus_Memorize	Probe - Memorize	CP4	4	0.68	0.434751993224311	0
Probe_minus_Memorize	Probe - Memorize	CP4	6	0.68	-2.67094979607142	1
Probe_minus_Memorize	Probe - Memorize	CP4	8	0.68	-5.61165050130624	1
Probe_minus_Memorize	Probe - Memorize	CP4	10	0.68	-5.82284153274332	1
Probe_minus_Memorize	Probe - Memorize	CP4	12	0.68	-4.15249498532369	1
Probe_minus_Memorize	Probe - Memorize	CP4	14	0.68	-2.62805169878098	1
Probe_minus_Memorize	Probe - Memorize	CP4	16	0.68	-2.08523153570982	1
Probe_minus_Memorize	Probe - Memorize	CP4	18	0.68	-2.1035203910791	1
Probe_minus_Memorize	Probe - Memorize	CP4	20	0.68	-1.98769788051812	1
Probe_minus_Memorize	Probe - Memorize	CP4	22	0.68	-1.60445983707905	1
Probe_minus_Memorize	Probe - Memorize	CP4	24	0.68	-1.23352986430893	1
Probe_minus_Memorize	Probe - Memorize	CP4	26	0.68	-1.00521115901378	1
Probe_minus_Memorize	Probe - Memorize	CP4	28	0.68	-0.753082458215291	1
Probe_minus_Memorize	Probe - Memorize	CP4	30	0.68	-0.597400783570125	0
Probe_minus_Memorize	Probe - Memorize	CP4	4	0.72	0.299502752398929	0
Probe_minus_Memorize	Probe - Memorize	CP4	6	0.72	-2.80125172665486	1
Probe_minus_Memorize	Probe - Memorize	CP4	8	0.72	-5.65037772460626	1
Probe_minus_Memorize	Probe - Memorize	CP4	10	0.72	-5.6543563793485	1
Probe_minus_Memorize	Probe - Memorize	CP4	12	0.72	-3.8372504598676	1
Probe_minus_Memorize	Probe - Memorize	CP4	14	0.72	-2.23365949968306	1
Probe_minus_Memorize	Probe - Memorize	CP4	16	0.72	-1.78033032039037	1
Probe_minus_Memorize	Probe - Memorize	CP4	18	0.72	-1.84617586835073	1
Probe_minus_Memorize	Probe - Memorize	CP4	20	0.72	-1.75566920537788	1
Probe_minus_Memorize	Probe - Memorize	CP4	22	0.72	-1.4423677491454	1
Probe_minus_Memorize	Probe - Memorize	CP4	24	0.72	-1.10889220352356	1
Probe_minus_Memorize	Probe - Memorize	CP4	26	0.72	-0.874051308402648	1
Probe_minus_Memorize	Probe - Memorize	CP4	28	0.72	-0.648430340421888	0
Probe_minus_Memorize	Probe - Memorize	CP4	30	0.72	-0.46535658205931	0
Probe_minus_Memorize	Probe - Memorize	CP4	4	0.76	0.179167226315118	0
Probe_minus_Memorize	Probe - Memorize	CP4	6	0.76	-2.87969555390569	1
Probe_minus_Memorize	Probe - Memorize	CP4	8	0.76	-5.53848424523424	1
Probe_minus_Memorize	Probe - Memorize	CP4	10	0.76	-5.44572676918828	1
Probe_minus_Memorize	Probe - Memorize	CP4	12	0.76	-3.55923657434491	1
Probe_minus_Memorize	Probe - Memorize	CP4	14	0.76	-1.92242405678217	1
Probe_minus_Memorize	Probe - Memorize	CP4	16	0.76	-1.54182449269753	1
Probe_minus_Memorize	Probe - Memorize	CP4	18	0.76	-1.6855964985891	1
Probe_minus_Memorize	Probe - Memorize	CP4	20	0.76	-1.6206294467422	1
Probe_minus_Memorize	Probe - Memorize	CP4	22	0.76	-1.39368613555024	1
Probe_minus_Memorize	Probe - Memorize	CP4	24	0.76	-1.16892728589189	1
Probe_minus_Memorize	Probe - Memorize	CP4	26	0.76	-0.92892616113218	1
Probe_minus_Memorize	Probe - Memorize	CP4	28	0.76	-0.594297624855804	0
Probe_minus_Memorize	Probe - Memorize	CP4	30	0.76	-0.388109584697164	0
Probe_minus_Memorize	Probe - Memorize	CP4	4	0.8	0.0786888709721657	0
Probe_minus_Memorize	Probe - Memorize	CP4	6	0.8	-2.88225911786923	1
Probe_minus_Memorize	Probe - Memorize	CP4	8	0.8	-5.3223616366203	1
Probe_minus_Memorize	Probe - Memorize	CP4	10	0.8	-5.20883104427216	1
Probe_minus_Memorize	Probe - Memorize	CP4	12	0.8	-3.44845713101901	1
Probe_minus_Memorize	Probe - Memorize	CP4	14	0.8	-1.83364854022287	1
Probe_minus_Memorize	Probe - Memorize	CP4	16	0.8	-1.30713115947751	1
Probe_minus_Memorize	Probe - Memorize	CP4	18	0.8	-1.40102255480507	1
Probe_minus_Memorize	Probe - Memorize	CP4	20	0.8	-1.43796948572764	1
Probe_minus_Memorize	Probe - Memorize	CP4	22	0.8	-1.21045847455613	1
Probe_minus_Memorize	Probe - Memorize	CP4	24	0.8	-0.88828376471065	1
Probe_minus_Memorize	Probe - Memorize	CP4	26	0.8	-0.664816615171731	1
Probe_minus_Memorize	Probe - Memorize	CP4	28	0.8	-0.521864953665779	0
Probe_minus_Memorize	Probe - Memorize	CP4	30	0.8	-0.41737345391168	0
Probe_minus_Memorize	Probe - Memorize	CP4	4	0.84	0.000587299251212524	0
Probe_minus_Memorize	Probe - Memorize	CP4	6	0.84	-2.79856219199988	1
Probe_minus_Memorize	Probe - Memorize	CP4	8	0.84	-5.05545141590902	1
Probe_minus_Memorize	Probe - Memorize	CP4	10	0.84	-4.92385180663461	1
Probe_minus_Memorize	Probe - Memorize	CP4	12	0.84	-3.35653053109462	1
Probe_minus_Memorize	Probe - Memorize	CP4	14	0.84	-1.9555810274413	1
Probe_minus_Memorize	Probe - Memorize	CP4	16	0.84	-1.37646972144452	1
Probe_minus_Memorize	Probe - Memorize	CP4	18	0.84	-1.33247697983797	1
Probe_minus_Memorize	Probe - Memorize	CP4	20	0.84	-1.18990351517613	1
Probe_minus_Memorize	Probe - Memorize	CP4	22	0.84	-0.973723613012295	1
Probe_minus_Memorize	Probe - Memorize	CP4	24	0.84	-0.837727346385901	1
Probe_minus_Memorize	Probe - Memorize	CP4	26	0.84	-0.807424657046795	1
Probe_minus_Memorize	Probe - Memorize	CP4	28	0.84	-0.758030139124737	1
Probe_minus_Memorize	Probe - Memorize	CP4	30	0.84	-0.688301054904094	1
Probe_minus_Memorize	Probe - Memorize	CP4	4	0.88	-0.0505453262191552	0
Probe_minus_Memorize	Probe - Memorize	CP4	6	0.88	-2.65181548721515	1
Probe_minus_Memorize	Probe - Memorize	CP4	8	0.88	-4.80122707440303	1
Probe_minus_Memorize	Probe - Memorize	CP4	10	0.88	-4.60447587029865	1
Probe_minus_Memorize	Probe - Memorize	CP4	12	0.88	-3.10706501282178	1
Probe_minus_Memorize	Probe - Memorize	CP4	14	0.88	-1.88627144293143	1
Probe_minus_Memorize	Probe - Memorize	CP4	16	0.88	-1.44812717575293	1
Probe_minus_Memorize	Probe - Memorize	CP4	18	0.88	-1.30029979491463	1
Probe_minus_Memorize	Probe - Memorize	CP4	20	0.88	-1.14832930216709	1
Probe_minus_Memorize	Probe - Memorize	CP4	22	0.88	-0.924983240664005	1
Probe_minus_Memorize	Probe - Memorize	CP4	24	0.88	-0.72386861886256	1
Probe_minus_Memorize	Probe - Memorize	CP4	26	0.88	-0.563264977616759	0
Probe_minus_Memorize	Probe - Memorize	CP4	28	0.88	-0.380437334569601	0
Probe_minus_Memorize	Probe - Memorize	CP4	30	0.88	-0.381553559635694	0
Probe_minus_Memorize	Probe - Memorize	CP4	4	0.92	-0.0699635113661106	0
Probe_minus_Memorize	Probe - Memorize	CP4	6	0.92	-2.47748709756594	1
Probe_minus_Memorize	Probe - Memorize	CP4	8	0.92	-4.60608357764207	1
Probe_minus_Memorize	Probe - Memorize	CP4	10	0.92	-4.28409814376097	1
Probe_minus_Memorize	Probe - Memorize	CP4	12	0.92	-2.78053257270501	1
Probe_minus_Memorize	Probe - Memorize	CP4	14	0.92	-1.52049100198425	1
Probe_minus_Memorize	Probe - Memorize	CP4	16	0.92	-1.11597469757096	1
Probe_minus_Memorize	Probe - Memorize	CP4	18	0.92	-1.0230646629173	1
Probe_minus_Memorize	Probe - Memorize	CP4	20	0.92	-0.975415869186131	1
Probe_minus_Memorize	Probe - Memorize	CP4	22	0.92	-0.855785806018573	1
Probe_minus_Memorize	Probe - Memorize	CP4	24	0.92	-0.697973625304607	1
Probe_minus_Memorize	Probe - Memorize	CP4	26	0.92	-0.521997404929537	0
Probe_minus_Memorize	Probe - Memorize	CP4	28	0.92	-0.294061110569881	0
Probe_minus_Memorize	Probe - Memorize	CP4	30	0.92	-0.196715471119835	0
Probe_minus_Memorize	Probe - Memorize	CP4	4	0.96	-0.0577858010611425	0
Probe_minus_Memorize	Probe - Memorize	CP4	6	0.96	-2.30377985938237	1
Probe_minus_Memorize	Probe - Memorize	CP4	8	0.96	-4.4744065091587	1
Probe_minus_Memorize	Probe - Memorize	CP4	10	0.96	-3.99798240885139	1
Probe_minus_Memorize	Probe - Memorize	CP4	12	0.96	-2.49958945667514	1
Probe_minus_Memorize	Probe - Memorize	CP4	14	0.96	-1.24206471593621	1
Probe_minus_Memorize	Probe - Memorize	CP4	16	0.96	-0.886918623179484	1
Probe_minus_Memorize	Probe - Memorize	CP4	18	0.96	-0.892179963429673	1
Probe_minus_Memorize	Probe - Memorize	CP4	20	0.96	-0.828421987593174	1
Probe_minus_Memorize	Probe - Memorize	CP4	22	0.96	-0.679678379916228	1
Probe_minus_Memorize	Probe - Memorize	CP4	24	0.96	-0.487340064289478	0
Probe_minus_Memorize	Probe - Memorize	CP4	26	0.96	-0.304882645535354	0
Probe_minus_Memorize	Probe - Memorize	CP4	28	0.96	-0.195822378907066	0
Probe_minus_Memorize	Probe - Memorize	CP4	30	0.96	-0.18859352158884	0
Probe_minus_Memorize	Probe - Memorize	CP4	4	1	-0.0190153620564021	0
Probe_minus_Memorize	Probe - Memorize	CP4	6	1	-2.14185771940706	1
Probe_minus_Memorize	Probe - Memorize	CP4	8	1	-4.36465628502461	1
Probe_minus_Memorize	Probe - Memorize	CP4	10	1	-3.75723962256542	1
Probe_minus_Memorize	Probe - Memorize	CP4	12	1	-2.2509959815876	1
Probe_minus_Memorize	Probe - Memorize	CP4	14	1	-1.12749094831256	0
Probe_minus_Memorize	Probe - Memorize	CP4	16	1	-0.820761962578847	0
Probe_minus_Memorize	Probe - Memorize	CP4	18	1	-0.845998989346509	1
Probe_minus_Memorize	Probe - Memorize	CP4	20	1	-0.837442779626984	1
Probe_minus_Memorize	Probe - Memorize	CP4	22	1	-0.78230259524515	1
Probe_minus_Memorize	Probe - Memorize	CP4	24	1	-0.687665283751602	1
Probe_minus_Memorize	Probe - Memorize	CP4	26	1	-0.569873843055505	0
Probe_minus_Memorize	Probe - Memorize	CP4	28	1	-0.450746749456112	0
Probe_minus_Memorize	Probe - Memorize	CP4	30	1	-0.33927413663612	0
Probe_minus_Memorize	Probe - Memorize	CP4	4	1.04	0.0425732648716523	0
Probe_minus_Memorize	Probe - Memorize	CP4	6	1.04	-1.98645269899414	1
Probe_minus_Memorize	Probe - Memorize	CP4	8	1.04	-4.21659674065617	1
Probe_minus_Memorize	Probe - Memorize	CP4	10	1.04	-3.54753413509864	1
Probe_minus_Memorize	Probe - Memorize	CP4	12	1.04	-2.0506443619155	1
Probe_minus_Memorize	Probe - Memorize	CP4	14	1.04	-0.990634110684578	0
Probe_minus_Memorize	Probe - Memorize	CP4	16	1.04	-0.726047600010553	0
Probe_minus_Memorize	Probe - Memorize	CP4	18	1.04	-0.687734137933988	1
Probe_minus_Memorize	Probe - Memorize	CP4	20	1.04	-0.716413344041659	1
Probe_minus_Memorize	Probe - Memorize	CP4	22	1.04	-0.713665261434821	1
Probe_minus_Memorize	Probe - Memorize	CP4	24	1.04	-0.731211701622949	1
Probe_minus_Memorize	Probe - Memorize	CP4	26	1.04	-0.702431841681783	1
Probe_minus_Memorize	Probe - Memorize	CP4	28	1.04	-0.55339334353518	0
Probe_minus_Memorize	Probe - Memorize	CP4	30	1.04	-0.401659834198654	0
Probe_minus_Memorize	Probe - Memorize	CP4	4	1.08	0.12418359833268	0
Probe_minus_Memorize	Probe - Memorize	CP4	6	1.08	-1.82689878860345	1
Probe_minus_Memorize	Probe - Memorize	CP4	8	1.08	-3.9936238103188	1
Probe_minus_Memorize	Probe - Memorize	CP4	10	1.08	-3.38765332618585	1
Probe_minus_Memorize	Probe - Memorize	CP4	12	1.08	-1.92183098942041	1
Probe_minus_Memorize	Probe - Memorize	CP4	14	1.08	-0.80379417939828	0
Probe_minus_Memorize	Probe - Memorize	CP4	16	1.08	-0.46738127576044	0
Probe_minus_Memorize	Probe - Memorize	CP4	18	1.08	-0.388448293392475	0
Probe_minus_Memorize	Probe - Memorize	CP4	20	1.08	-0.343184183566616	0
Probe_minus_Memorize	Probe - Memorize	CP4	22	1.08	-0.303164025338796	0
Probe_minus_Memorize	Probe - Memorize	CP4	24	1.08	-0.306477632745205	0
Probe_minus_Memorize	Probe - Memorize	CP4	26	1.08	-0.348894708843615	0
Probe_minus_Memorize	Probe - Memorize	CP4	28	1.08	-0.346163543084493	0
Probe_minus_Memorize	Probe - Memorize	CP4	30	1.08	-0.339778971643402	0
Probe_minus_Memorize	Probe - Memorize	CP4	4	1.12	0.218569258084664	0
Probe_minus_Memorize	Probe - Memorize	CP4	6	1.12	-1.67795113653231	1
Probe_minus_Memorize	Probe - Memorize	CP4	8	1.12	-3.72284663984409	1
Probe_minus_Memorize	Probe - Memorize	CP4	10	1.12	-3.28878383109203	1
Probe_minus_Memorize	Probe - Memorize	CP4	12	1.12	-1.83476527812532	1
Probe_minus_Memorize	Probe - Memorize	CP4	14	1.12	-0.676769865103639	0
Probe_minus_Memorize	Probe - Memorize	CP4	16	1.12	-0.372380136297299	0
Probe_minus_Memorize	Probe - Memorize	CP4	18	1.12	-0.465977835898789	0
Probe_minus_Memorize	Probe - Memorize	CP4	20	1.12	-0.45013158969008	0
Probe_minus_Memorize	Probe - Memorize	CP4	22	1.12	-0.347275696694851	0
Probe_minus_Memorize	Probe - Memorize	CP4	24	1.12	-0.223932748875366	0
Probe_minus_Memorize	Probe - Memorize	CP4	26	1.12	-0.128057911992073	0
Probe_minus_Memorize	Probe - Memorize	CP4	28	1.12	-0.0159742083901969	0
Probe_minus_Memorize	Probe - Memorize	CP4	30	1.12	-0.000685704633584604	0
Probe_minus_Memorize	Probe - Memorize	CP4	4	1.16	0.322345011581022	0
Probe_minus_Memorize	Probe - Memorize	CP4	6	1.16	-1.56552339455364	1
Probe_minus_Memorize	Probe - Memorize	CP4	8	1.16	-3.49246604282122	1
Probe_minus_Memorize	Probe - Memorize	CP4	10	1.16	-3.19874104467006	1
Probe_minus_Memorize	Probe - Memorize	CP4	12	1.16	-1.75232788118032	1
Probe_minus_Memorize	Probe - Memorize	CP4	14	1.16	-0.616512124355023	0
Probe_minus_Memorize	Probe - Memorize	CP4	16	1.16	-0.410615549709361	0
Probe_minus_Memorize	Probe - Memorize	CP4	18	1.16	-0.502132817028234	0
Probe_minus_Memorize	Probe - Memorize	CP4	20	1.16	-0.532469910354568	0
Probe_minus_Memorize	Probe - Memorize	CP4	22	1.16	-0.449452335014939	0
Probe_minus_Memorize	Probe - Memorize	CP4	24	1.16	-0.276972243705621	0
Probe_minus_Memorize	Probe - Memorize	CP4	26	1.16	-0.139749291138007	0
Probe_minus_Memorize	Probe - Memorize	CP4	28	1.16	-0.0600763618086393	0
Probe_minus_Memorize	Probe - Memorize	CP4	30	1.16	-0.0379083290552864	0
Probe_minus_Memorize	Probe - Memorize	CP4	4	1.2	0.428260564374236	0
Probe_minus_Memorize	Probe - Memorize	CP4	6	1.2	-1.48937899217708	1
Probe_minus_Memorize	Probe - Memorize	CP4	8	1.2	-3.37209133345347	1
Probe_minus_Memorize	Probe - Memorize	CP4	10	1.2	-3.09464550168755	1
Probe_minus_Memorize	Probe - Memorize	CP4	12	1.2	-1.70453178767975	1
Probe_minus_Memorize	Probe - Memorize	CP4	14	1.2	-0.621001772582531	0
Probe_minus_Memorize	Probe - Memorize	CP4	16	1.2	-0.348445670894132	0
Probe_minus_Memorize	Probe - Memorize	CP4	18	1.2	-0.493629781242747	0
Probe_minus_Memorize	Probe - Memorize	CP4	20	1.2	-0.59530565328896	0
Probe_minus_Memorize	Probe - Memorize	CP4	22	1.2	-0.595304099699626	0
Probe_minus_Memorize	Probe - Memorize	CP4	24	1.2	-0.478062042823205	0
Probe_minus_Memorize	Probe - Memorize	CP4	26	1.2	-0.321888380477993	0
Probe_minus_Memorize	Probe - Memorize	CP4	28	1.2	-0.183574402418274	0
Probe_minus_Memorize	Probe - Memorize	CP4	30	1.2	-0.0328397777361365	0
Probe_minus_Memorize	Probe - Memorize	CP4	4	1.24	0.525741992576513	0
Probe_minus_Memorize	Probe - Memorize	CP4	6	1.24	-1.43147525434884	1
Probe_minus_Memorize	Probe - Memorize	CP4	8	1.24	-3.34965701401234	1
Probe_minus_Memorize	Probe - Memorize	CP4	10	1.24	-3.00927438185765	1
Probe_minus_Memorize	Probe - Memorize	CP4	12	1.24	-1.60955730775514	1
Probe_minus_Memorize	Probe - Memorize	CP4	14	1.24	-0.609819046723155	0
Probe_minus_Memorize	Probe - Memorize	CP4	16	1.24	-0.408293766900897	0
Probe_minus_Memorize	Probe - Memorize	CP4	18	1.24	-0.518834493570746	0
Probe_minus_Memorize	Probe - Memorize	CP4	20	1.24	-0.599454541690648	0
Probe_minus_Memorize	Probe - Memorize	CP4	22	1.24	-0.645078263818645	0
Probe_minus_Memorize	Probe - Memorize	CP4	24	1.24	-0.62168381205545	0
Probe_minus_Memorize	Probe - Memorize	CP4	26	1.24	-0.530246639874979	0
Probe_minus_Memorize	Probe - Memorize	CP4	28	1.24	-0.330459703333103	0
Probe_minus_Memorize	Probe - Memorize	CP4	30	1.24	-0.198381477680344	0
Probe_minus_Memorize	Probe - Memorize	CP4	4	1.28	0.603231353398699	0
Probe_minus_Memorize	Probe - Memorize	CP4	6	1.28	-1.37522494592346	1
Probe_minus_Memorize	Probe - Memorize	CP4	8	1.28	-3.36135002970695	1
Probe_minus_Memorize	Probe - Memorize	CP4	10	1.28	-2.95784449125998	1
Probe_minus_Memorize	Probe - Memorize	CP4	12	1.28	-1.4905411605365	1
Probe_minus_Memorize	Probe - Memorize	CP4	14	1.28	-0.434254162586652	0
Probe_minus_Memorize	Probe - Memorize	CP4	16	1.28	-0.323826980275603	0
Probe_minus_Memorize	Probe - Memorize	CP4	18	1.28	-0.388352329341265	0
Probe_minus_Memorize	Probe - Memorize	CP4	20	1.28	-0.395323343861562	0
Probe_minus_Memorize	Probe - Memorize	CP4	22	1.28	-0.377665687065858	0
Probe_minus_Memorize	Probe - Memorize	CP4	24	1.28	-0.382440315129665	0
Probe_minus_Memorize	Probe - Memorize	CP4	26	1.28	-0.355537085722272	0
Probe_minus_Memorize	Probe - Memorize	CP4	28	1.28	-0.304550708343203	0
Probe_minus_Memorize	Probe - Memorize	CP4	30	1.28	-0.234705753284148	0
Probe_minus_Memorize	Probe - Memorize	CP4	4	1.32	0.657628739395967	0
Probe_minus_Memorize	Probe - Memorize	CP4	6	1.32	-1.31502202955576	1
Probe_minus_Memorize	Probe - Memorize	CP4	8	1.32	-3.34611596052463	1
Probe_minus_Memorize	Probe - Memorize	CP4	10	1.32	-2.93238957312245	1
Probe_minus_Memorize	Probe - Memorize	CP4	12	1.32	-1.45356217427896	1
Probe_minus_Memorize	Probe - Memorize	CP4	14	1.32	-0.290318664718563	0
Probe_minus_Memorize	Probe - Memorize	CP4	16	1.32	-0.0208458420820534	0
Probe_minus_Memorize	Probe - Memorize	CP4	18	1.32	-0.154230733563264	0
Probe_minus_Memorize	Probe - Memorize	CP4	20	1.32	-0.213982538176844	0
Probe_minus_Memorize	Probe - Memorize	CP4	22	1.32	-0.199936887320991	0
Probe_minus_Memorize	Probe - Memorize	CP4	24	1.32	-0.200951289958679	0
Probe_minus_Memorize	Probe - Memorize	CP4	26	1.32	-0.201020364148112	0
Probe_minus_Memorize	Probe - Memorize	CP4	28	1.32	-0.100538207307601	0
Probe_minus_Memorize	Probe - Memorize	CP4	30	1.32	-0.0571383813825937	0
Probe_minus_Memorize	Probe - Memorize	CP4	4	1.36	0.691788334686023	0
Probe_minus_Memorize	Probe - Memorize	CP4	6	1.36	-1.2648594058477	1
Probe_minus_Memorize	Probe - Memorize	CP4	8	1.36	-3.26921689051848	1
Probe_minus_Memorize	Probe - Memorize	CP4	10	1.36	-2.91098077939107	1
Probe_minus_Memorize	Probe - Memorize	CP4	12	1.36	-1.4965291877922	1
Probe_minus_Memorize	Probe - Memorize	CP4	14	1.36	-0.301502305297897	0
Probe_minus_Memorize	Probe - Memorize	CP4	16	1.36	-0.0787175850083048	0
Probe_minus_Memorize	Probe - Memorize	CP4	18	1.36	-0.217384050958432	0
Probe_minus_Memorize	Probe - Memorize	CP4	20	1.36	-0.190013624297885	0
Probe_minus_Memorize	Probe - Memorize	CP4	22	1.36	-0.139618154185323	0
Probe_minus_Memorize	Probe - Memorize	CP4	24	1.36	-0.136596663783376	0
Probe_minus_Memorize	Probe - Memorize	CP4	26	1.36	-0.124450391445022	0
Probe_minus_Memorize	Probe - Memorize	CP4	28	1.36	-0.067207809107808	0
Probe_minus_Memorize	Probe - Memorize	CP4	30	1.36	0.0798387985963088	0
Probe_minus_Memorize	Probe - Memorize	CP4	4	1.4	0.707556473521086	0
Probe_minus_Memorize	Probe - Memorize	CP4	6	1.4	-1.23751752479718	0
Probe_minus_Memorize	Probe - Memorize	CP4	8	1.4	-3.14209461670655	1
Probe_minus_Memorize	Probe - Memorize	CP4	10	1.4	-2.874202872125	1
Probe_minus_Memorize	Probe - Memorize	CP4	12	1.4	-1.51479006988498	1
Probe_minus_Memorize	Probe - Memorize	CP4	14	1.4	-0.358707869282136	0
Probe_minus_Memorize	Probe - Memorize	CP4	16	1.4	-0.14942018651905	0
Probe_minus_Memorize	Probe - Memorize	CP4	18	1.4	-0.192165544113288	0
Probe_minus_Memorize	Probe - Memorize	CP4	20	1.4	-0.135648913681507	0
Probe_minus_Memorize	Probe - Memorize	CP4	22	1.4	-0.091855685871381	0
Probe_minus_Memorize	Probe - Memorize	CP4	24	1.4	-0.161222584182934	0
Probe_minus_Memorize	Probe - Memorize	CP4	26	1.4	-0.24969123660748	0
Probe_minus_Memorize	Probe - Memorize	CP4	28	1.4	-0.255992659869102	0
Probe_minus_Memorize	Probe - Memorize	CP4	30	1.4	-0.174456296345362	0
Probe_minus_Ignore	Probe - Ignore	TP7	4	0	0.120303626369255	0
Probe_minus_Ignore	Probe - Ignore	TP7	6	0	-0.0194127950100945	0
Probe_minus_Ignore	Probe - Ignore	TP7	8	0	-0.248112805474263	0
Probe_minus_Ignore	Probe - Ignore	TP7	10	0	-0.360000630733199	0
Probe_minus_Ignore	Probe - Ignore	TP7	12	0	-0.215622594723335	0
Probe_minus_Ignore	Probe - Ignore	TP7	14	0	-0.112572626927151	0
Probe_minus_Ignore	Probe - Ignore	TP7	16	0	-0.124113921935742	0
Probe_minus_Ignore	Probe - Ignore	TP7	18	0	-0.191717195826081	0
Probe_minus_Ignore	Probe - Ignore	TP7	20	0	-0.199348026786643	0
Probe_minus_Ignore	Probe - Ignore	TP7	22	0	-0.164876651162138	0
Probe_minus_Ignore	Probe - Ignore	TP7	24	0	-0.0808807269741709	0
Probe_minus_Ignore	Probe - Ignore	TP7	26	0	-0.00156158681672353	0
Probe_minus_Ignore	Probe - Ignore	TP7	28	0	0.0436781822488858	0
Probe_minus_Ignore	Probe - Ignore	TP7	30	0	0.00425301667732688	0
Probe_minus_Ignore	Probe - Ignore	TP7	4	0.04	0.0653292883474093	0
Probe_minus_Ignore	Probe - Ignore	TP7	6	0.04	-0.0408284159807058	0
Probe_minus_Ignore	Probe - Ignore	TP7	8	0.04	-0.406355650952229	0
Probe_minus_Ignore	Probe - Ignore	TP7	10	0.04	-0.572099826513575	1
Probe_minus_Ignore	Probe - Ignore	TP7	12	0.04	-0.455030480829569	0
Probe_minus_Ignore	Probe - Ignore	TP7	14	0.04	-0.353604743973567	0
Probe_minus_Ignore	Probe - Ignore	TP7	16	0.04	-0.302468240547639	0
Probe_minus_Ignore	Probe - Ignore	TP7	18	0.04	-0.389722039493231	0
Probe_minus_Ignore	Probe - Ignore	TP7	20	0.04	-0.412459784115736	0
Probe_minus_Ignore	Probe - Ignore	TP7	22	0.04	-0.370078821236698	0
Probe_minus_Ignore	Probe - Ignore	TP7	24	0.04	-0.287537046099225	0
Probe_minus_Ignore	Probe - Ignore	TP7	26	0.04	-0.208336954936385	0
Probe_minus_Ignore	Probe - Ignore	TP7	28	0.04	-0.102547176898672	0
Probe_minus_Ignore	Probe - Ignore	TP7	30	0.04	0.0295866653323174	0
Probe_minus_Ignore	Probe - Ignore	TP7	4	0.0800000000000001	0.0178054687925256	0
Probe_minus_Ignore	Probe - Ignore	TP7	6	0.0800000000000001	-0.0507253754812364	0
Probe_minus_Ignore	Probe - Ignore	TP7	8	0.0800000000000001	-0.586171652118747	0
Probe_minus_Ignore	Probe - Ignore	TP7	10	0.0800000000000001	-0.891601119369555	1
Probe_minus_Ignore	Probe - Ignore	TP7	12	0.0800000000000001	-0.686178449111489	1
Probe_minus_Ignore	Probe - Ignore	TP7	14	0.0800000000000001	-0.367486539511726	0
Probe_minus_Ignore	Probe - Ignore	TP7	16	0.0800000000000001	-0.304385241407614	0
Probe_minus_Ignore	Probe - Ignore	TP7	18	0.0800000000000001	-0.502555988460349	1
Probe_minus_Ignore	Probe - Ignore	TP7	20	0.0800000000000001	-0.561732980637596	1
Probe_minus_Ignore	Probe - Ignore	TP7	22	0.0800000000000001	-0.485971253651839	1
Probe_minus_Ignore	Probe - Ignore	TP7	24	0.0800000000000001	-0.384701199256457	1
Probe_minus_Ignore	Probe - Ignore	TP7	26	0.0800000000000001	-0.303692572678511	0
Probe_minus_Ignore	Probe - Ignore	TP7	28	0.0800000000000001	-0.24517423265542	0
Probe_minus_Ignore	Probe - Ignore	TP7	30	0.0800000000000001	-0.182985807840641	0
Probe_minus_Ignore	Probe - Ignore	TP7	4	0.12	-0.00983165204524994	0
Probe_minus_Ignore	Probe - Ignore	TP7	6	0.12	-0.0248901151980345	0
Probe_minus_Ignore	Probe - Ignore	TP7	8	0.12	-0.74774184737068	1
Probe_minus_Ignore	Probe - Ignore	TP7	10	0.12	-1.26688524586363	1
Probe_minus_Ignore	Probe - Ignore	TP7	12	0.12	-0.999935374881786	1
Probe_minus_Ignore	Probe - Ignore	TP7	14	0.12	-0.473563361626405	0
Probe_minus_Ignore	Probe - Ignore	TP7	16	0.12	-0.291565786402386	0
Probe_minus_Ignore	Probe - Ignore	TP7	18	0.12	-0.46223139261397	1
Probe_minus_Ignore	Probe - Ignore	TP7	20	0.12	-0.556237445571102	1
Probe_minus_Ignore	Probe - Ignore	TP7	22	0.12	-0.549918833260353	1
Probe_minus_Ignore	Probe - Ignore	TP7	24	0.12	-0.512992224297844	1
Probe_minus_Ignore	Probe - Ignore	TP7	26	0.12	-0.435726199299097	0
Probe_minus_Ignore	Probe - Ignore	TP7	28	0.12	-0.286787025558834	0
Probe_minus_Ignore	Probe - Ignore	TP7	30	0.12	-0.207201277980438	0
Probe_minus_Ignore	Probe - Ignore	TP7	4	0.16	-0.0105238556861877	0
Probe_minus_Ignore	Probe - Ignore	TP7	6	0.16	0.0310831322119786	0
Probe_minus_Ignore	Probe - Ignore	TP7	8	0.16	-0.879200565933178	1
Probe_minus_Ignore	Probe - Ignore	TP7	10	0.16	-1.61102282203949	1
Probe_minus_Ignore	Probe - Ignore	TP7	12	0.16	-1.38683867827058	1
Probe_minus_Ignore	Probe - Ignore	TP7	14	0.16	-0.817155808210373	1
Probe_minus_Ignore	Probe - Ignore	TP7	16	0.16	-0.514211907409705	1
Probe_minus_Ignore	Probe - Ignore	TP7	18	0.16	-0.534674980892585	1
Probe_minus_Ignore	Probe - Ignore	TP7	20	0.16	-0.539479920783868	1
Probe_minus_Ignore	Probe - Ignore	TP7	22	0.16	-0.580794749351648	1
Probe_minus_Ignore	Probe - Ignore	TP7	24	0.16	-0.59650186334665	1
Probe_minus_Ignore	Probe - Ignore	TP7	26	0.16	-0.518258779094769	0
Probe_minus_Ignore	Probe - Ignore	TP7	28	0.16	-0.413586878432677	0
Probe_minus_Ignore	Probe - Ignore	TP7	30	0.16	-0.228274803107175	0
Probe_minus_Ignore	Probe - Ignore	TP7	4	0.2	0.0156428498717455	0
Probe_minus_Ignore	Probe - Ignore	TP7	6	0.2	0.0870149611280515	0
Probe_minus_Ignore	Probe - Ignore	TP7	8	0.2	-1.01525826007128	1
Probe_minus_Ignore	Probe - Ignore	TP7	10	0.2	-1.90451355908926	1
Probe_minus_Ignore	Probe - Ignore	TP7	12	0.2	-1.69196731754794	1
Probe_minus_Ignore	Probe - Ignore	TP7	14	0.2	-1.21045850102718	1
Probe_minus_Ignore	Probe - Ignore	TP7	16	0.2	-0.8348036053089	1
Probe_minus_Ignore	Probe - Ignore	TP7	18	0.2	-0.758292213082314	1
Probe_minus_Ignore	Probe - Ignore	TP7	20	0.2	-0.668556757844411	1
Probe_minus_Ignore	Probe - Ignore	TP7	22	0.2	-0.586187861573238	1
Probe_minus_Ignore	Probe - Ignore	TP7	24	0.2	-0.629460716763368	1
Probe_minus_Ignore	Probe - Ignore	TP7	26	0.2	-0.751839375123382	1
Probe_minus_Ignore	Probe - Ignore	TP7	28	0.2	-0.822073805199649	1
Probe_minus_Ignore	Probe - Ignore	TP7	30	0.2	-0.756203689469168	1
Probe_minus_Ignore	Probe - Ignore	TP7	4	0.24	0.0655966353817628	0
Probe_minus_Ignore	Probe - Ignore	TP7	6	0.24	0.0940474465202827	0
Probe_minus_Ignore	Probe - Ignore	TP7	8	0.24	-1.21431299614219	1
Probe_minus_Ignore	Probe - Ignore	TP7	10	0.24	-2.18702065629455	1
Probe_minus_Ignore	Probe - Ignore	TP7	12	0.24	-1.85250970070886	1
Probe_minus_Ignore	Probe - Ignore	TP7	14	0.24	-1.26298797159241	1
Probe_minus_Ignore	Probe - Ignore	TP7	16	0.24	-0.954583725103965	1
Probe_minus_Ignore	Probe - Ignore	TP7	18	0.24	-0.734272830761396	1
Probe_minus_Ignore	Probe - Ignore	TP7	20	0.24	-0.543837880859008	1
Probe_minus_Ignore	Probe - Ignore	TP7	22	0.24	-0.433350698664211	0
Probe_minus_Ignore	Probe - Ignore	TP7	24	0.24	-0.46103263932925	1
Probe_minus_Ignore	Probe - Ignore	TP7	26	0.24	-0.517710952088237	1
Probe_minus_Ignore	Probe - Ignore	TP7	28	0.24	-0.530458889328516	1
Probe_minus_Ignore	Probe - Ignore	TP7	30	0.24	-0.560888026196223	1
Probe_minus_Ignore	Probe - Ignore	TP7	4	0.28	0.13533597238935	0
Probe_minus_Ignore	Probe - Ignore	TP7	6	0.28	0.0156365635876472	0
Probe_minus_Ignore	Probe - Ignore	TP7	8	0.28	-1.53467153975418	1
Probe_minus_Ignore	Probe - Ignore	TP7	10	0.28	-2.53762886730524	1
Probe_minus_Ignore	Probe - Ignore	TP7	12	0.28	-2.00747614955673	1
Probe_minus_Ignore	Probe - Ignore	TP7	14	0.28	-1.23999141539948	1
Probe_minus_Ignore	Probe - Ignore	TP7	16	0.28	-0.810668418040642	1
Probe_minus_Ignore	Probe - Ignore	TP7	18	0.28	-0.723587318108632	1
Probe_minus_Ignore	Probe - Ignore	TP7	20	0.28	-0.54754693290362	1
Probe_minus_Ignore	Probe - Ignore	TP7	22	0.28	-0.409597124044712	1
Probe_minus_Ignore	Probe - Ignore	TP7	24	0.28	-0.402068537015181	0
Probe_minus_Ignore	Probe - Ignore	TP7	26	0.28	-0.459444345978017	0
Probe_minus_Ignore	Probe - Ignore	TP7	28	0.28	-0.475263201201764	0
Probe_minus_Ignore	Probe - Ignore	TP7	30	0.28	-0.433776250610558	0
Probe_minus_Ignore	Probe - Ignore	TP7	4	0.32	0.218953378068713	0
Probe_minus_Ignore	Probe - Ignore	TP7	6	0.32	-0.154862532248864	0
Probe_minus_Ignore	Probe - Ignore	TP7	8	0.32	-1.97926255544791	1
Probe_minus_Ignore	Probe - Ignore	TP7	10	0.32	-2.98702125480542	1
Probe_minus_Ignore	Probe - Ignore	TP7	12	0.32	-2.33407142083161	1
Probe_minus_Ignore	Probe - Ignore	TP7	14	0.32	-1.54343295527192	1
Probe_minus_Ignore	Probe - Ignore	TP7	16	0.32	-1.14633678415647	1
Probe_minus_Ignore	Probe - Ignore	TP7	18	0.32	-1.1178471864416	1
Probe_minus_Ignore	Probe - Ignore	TP7	20	0.32	-0.843835067290526	1
Probe_minus_Ignore	Probe - Ignore	TP7	22	0.32	-0.613348164667304	1
Probe_minus_Ignore	Probe - Ignore	TP7	24	0.32	-0.489500537084845	1
Probe_minus_Ignore	Probe - Ignore	TP7	26	0.32	-0.490736222682664	1
Probe_minus_Ignore	Probe - Ignore	TP7	28	0.32	-0.540740888780699	1
Probe_minus_Ignore	Probe - Ignore	TP7	30	0.32	-0.578300000813145	0
Probe_minus_Ignore	Probe - Ignore	TP7	4	0.36	0.304872616982231	0
Probe_minus_Ignore	Probe - Ignore	TP7	6	0.36	-0.386294727142041	0
Probe_minus_Ignore	Probe - Ignore	TP7	8	0.36	-2.49288669228554	1
Probe_minus_Ignore	Probe - Ignore	TP7	10	0.36	-3.47851030528545	1
Probe_minus_Ignore	Probe - Ignore	TP7	12	0.36	-2.76992211066401	1
Probe_minus_Ignore	Probe - Ignore	TP7	14	0.36	-1.94932101695583	1
Probe_minus_Ignore	Probe - Ignore	TP7	16	0.36	-1.65691753763419	1
Probe_minus_Ignore	Probe - Ignore	TP7	18	0.36	-1.66628336218687	1
Probe_minus_Ignore	Probe - Ignore	TP7	20	0.36	-1.41425608127163	1
Probe_minus_Ignore	Probe - Ignore	TP7	22	0.36	-1.06280638162906	1
Probe_minus_Ignore	Probe - Ignore	TP7	24	0.36	-0.712642416644555	1
Probe_minus_Ignore	Probe - Ignore	TP7	26	0.36	-0.45453627464863	0
Probe_minus_Ignore	Probe - Ignore	TP7	28	0.36	-0.270976530244717	0
Probe_minus_Ignore	Probe - Ignore	TP7	30	0.36	-0.282842663116753	0
Probe_minus_Ignore	Probe - Ignore	TP7	4	0.4	0.378241854361617	0
Probe_minus_Ignore	Probe - Ignore	TP7	6	0.4	-0.630743868559456	0
Probe_minus_Ignore	Probe - Ignore	TP7	8	0.4	-3.01399765865734	1
Probe_minus_Ignore	Probe - Ignore	TP7	10	0.4	-3.96774903133225	1
Probe_minus_Ignore	Probe - Ignore	TP7	12	0.4	-3.12156516800706	1
Probe_minus_Ignore	Probe - Ignore	TP7	14	0.4	-2.08323743853431	1
Probe_minus_Ignore	Probe - Ignore	TP7	16	0.4	-1.68963260554637	1
Probe_minus_Ignore	Probe - Ignore	TP7	18	0.4	-1.72665409944378	1
Probe_minus_Ignore	Probe - Ignore	TP7	20	0.4	-1.58437913369674	1
Probe_minus_Ignore	Probe - Ignore	TP7	22	0.4	-1.22143042517396	1
Probe_minus_Ignore	Probe - Ignore	TP7	24	0.4	-0.866437018204194	1
Probe_minus_Ignore	Probe - Ignore	TP7	26	0.4	-0.609030953250252	1
Probe_minus_Ignore	Probe - Ignore	TP7	28	0.4	-0.379735381557391	1
Probe_minus_Ignore	Probe - Ignore	TP7	30	0.4	-0.23882910494621	0
Probe_minus_Ignore	Probe - Ignore	TP7	4	0.44	0.430490531313878	0
Probe_minus_Ignore	Probe - Ignore	TP7	6	0.44	-0.8586433667403	1
Probe_minus_Ignore	Probe - Ignore	TP7	8	0.44	-3.48279998279535	1
Probe_minus_Ignore	Probe - Ignore	TP7	10	0.44	-4.40683119342877	1
Probe_minus_Ignore	Probe - Ignore	TP7	12	0.44	-3.38878069115946	1
Probe_minus_Ignore	Probe - Ignore	TP7	14	0.44	-2.18080705604874	1
Probe_minus_Ignore	Probe - Ignore	TP7	16	0.44	-1.61147847126883	1
Probe_minus_Ignore	Probe - Ignore	TP7	18	0.44	-1.57825643626543	1
Probe_minus_Ignore	Probe - Ignore	TP7	20	0.44	-1.45640433837588	1
Probe_minus_Ignore	Probe - Ignore	TP7	22	0.44	-1.18543777013054	1
Probe_minus_Ignore	Probe - Ignore	TP7	24	0.44	-0.876941712537351	1
Probe_minus_Ignore	Probe - Ignore	TP7	26	0.44	-0.64181168406951	1
Probe_minus_Ignore	Probe - Ignore	TP7	28	0.44	-0.461725345024696	0
Probe_minus_Ignore	Probe - Ignore	TP7	30	0.44	-0.379582807421684	0
Probe_minus_Ignore	Probe - Ignore	TP7	4	0.48	0.461810519775519	0
Probe_minus_Ignore	Probe - Ignore	TP7	6	0.48	-1.06810821076998	1
Probe_minus_Ignore	Probe - Ignore	TP7	8	0.48	-3.86394572716493	1
Probe_minus_Ignore	Probe - Ignore	TP7	10	0.48	-4.75811776060324	1
Probe_minus_Ignore	Probe - Ignore	TP7	12	0.48	-3.66289267345117	1
Probe_minus_Ignore	Probe - Ignore	TP7	14	0.48	-2.36087303665968	1
Probe_minus_Ignore	Probe - Ignore	TP7	16	0.48	-1.68041782639921	1
Probe_minus_Ignore	Probe - Ignore	TP7	18	0.48	-1.65840956855279	1
Probe_minus_Ignore	Probe - Ignore	TP7	20	0.48	-1.51655172524401	1
Probe_minus_Ignore	Probe - Ignore	TP7	22	0.48	-1.16602253713287	1
Probe_minus_Ignore	Probe - Ignore	TP7	24	0.48	-0.818511034147097	1
Probe_minus_Ignore	Probe - Ignore	TP7	26	0.48	-0.578433448878618	0
Probe_minus_Ignore	Probe - Ignore	TP7	28	0.48	-0.410803962892924	0
Probe_minus_Ignore	Probe - Ignore	TP7	30	0.48	-0.328815910965204	0
Probe_minus_Ignore	Probe - Ignore	TP7	4	0.52	0.4728973917484	0
Probe_minus_Ignore	Probe - Ignore	TP7	6	0.52	-1.28748039235003	1
Probe_minus_Ignore	Probe - Ignore	TP7	8	0.52	-4.15941016433331	1
Probe_minus_Ignore	Probe - Ignore	TP7	10	0.52	-5.02760404921495	1
Probe_minus_Ignore	Probe - Ignore	TP7	12	0.52	-3.91828160245831	1
Probe_minus_Ignore	Probe - Ignore	TP7	14	0.52	-2.59534621161695	1
Probe_minus_Ignore	Probe - Ignore	TP7	16	0.52	-1.82250275233617	1
Probe_minus_Ignore	Probe - Ignore	TP7	18	0.52	-1.63501358863253	1
Probe_minus_Ignore	Probe - Ignore	TP7	20	0.52	-1.48079487222892	1
Probe_minus_Ignore	Probe - Ignore	TP7	22	0.52	-1.22896101755592	1
Probe_minus_Ignore	Probe - Ignore	TP7	24	0.52	-0.963355217979719	1
Probe_minus_Ignore	Probe - Ignore	TP7	26	0.52	-0.808283884311095	1
Probe_minus_Ignore	Probe - Ignore	TP7	28	0.52	-0.717597933915945	0
Probe_minus_Ignore	Probe - Ignore	TP7	30	0.52	-0.63772762248006	0
Probe_minus_Ignore	Probe - Ignore	TP7	4	0.56	0.462419931848462	0
Probe_minus_Ignore	Probe - Ignore	TP7	6	0.56	-1.52717802358361	1
Probe_minus_Ignore	Probe - Ignore	TP7	8	0.56	-4.40297928165931	1
Probe_minus_Ignore	Probe - Ignore	TP7	10	0.56	-5.23275713135417	1
Probe_minus_Ignore	Probe - Ignore	TP7	12	0.56	-4.04289863229944	1
Probe_minus_Ignore	Probe - Ignore	TP7	14	0.56	-2.69225846976042	1
Probe_minus_Ignore	Probe - Ignore	TP7	16	0.56	-1.92714288228979	1
Probe_minus_Ignore	Probe - Ignore	TP7	18	0.56	-1.64806216739817	1
Probe_minus_Ignore	Probe - Ignore	TP7	20	0.56	-1.31926886579738	1
Probe_minus_Ignore	Probe - Ignore	TP7	22	0.56	-0.991574610440204	1
Probe_minus_Ignore	Probe - Ignore	TP7	24	0.56	-0.82900906755374	1
Probe_minus_Ignore	Probe - Ignore	TP7	26	0.56	-0.735493694647	1
Probe_minus_Ignore	Probe - Ignore	TP7	28	0.56	-0.587481364536171	1
Probe_minus_Ignore	Probe - Ignore	TP7	30	0.56	-0.463160290884284	0
Probe_minus_Ignore	Probe - Ignore	TP7	4	0.6	0.434354405850172	0
Probe_minus_Ignore	Probe - Ignore	TP7	6	0.6	-1.76108238444879	1
Probe_minus_Ignore	Probe - Ignore	TP7	8	0.6	-4.61967856322344	1
Probe_minus_Ignore	Probe - Ignore	TP7	10	0.6	-5.32831099987603	1
Probe_minus_Ignore	Probe - Ignore	TP7	12	0.6	-3.97363340682708	1
Probe_minus_Ignore	Probe - Ignore	TP7	14	0.6	-2.52396377287089	1
Probe_minus_Ignore	Probe - Ignore	TP7	16	0.6	-1.78395927511156	1
Probe_minus_Ignore	Probe - Ignore	TP7	18	0.6	-1.56650086091115	1
Probe_minus_Ignore	Probe - Ignore	TP7	20	0.6	-1.34715554834558	1
Probe_minus_Ignore	Probe - Ignore	TP7	22	0.6	-1.01369593682914	1
Probe_minus_Ignore	Probe - Ignore	TP7	24	0.6	-0.718323573971597	1
Probe_minus_Ignore	Probe - Ignore	TP7	26	0.6	-0.538409809223734	1
Probe_minus_Ignore	Probe - Ignore	TP7	28	0.6	-0.39835307152512	0
Probe_minus_Ignore	Probe - Ignore	TP7	30	0.6	-0.383594168493381	0
Probe_minus_Ignore	Probe - Ignore	TP7	4	0.64	0.395174173065103	0
Probe_minus_Ignore	Probe - Ignore	TP7	6	0.64	-1.94520896128737	1
Probe_minus_Ignore	Probe - Ignore	TP7	8	0.64	-4.81131567204228	1
Probe_minus_Ignore	Probe - Ignore	TP7	10	0.64	-5.276661520394	1
Probe_minus_Ignore	Probe - Ignore	TP7	12	0.64	-3.79420798329207	1
Probe_minus_Ignore	Probe - Ignore	TP7	14	0.64	-2.3904283275971	1
Probe_minus_Ignore	Probe - Ignore	TP7	16	0.64	-1.70585540338204	1
Probe_minus_Ignore	Probe - Ignore	TP7	18	0.64	-1.42938690159756	1
Probe_minus_Ignore	Probe - Ignore	TP7	20	0.64	-1.18263231561734	1
Probe_minus_Ignore	Probe - Ignore	TP7	22	0.64	-0.924567475771675	1
Probe_minus_Ignore	Probe - Ignore	TP7	24	0.64	-0.703969758389016	1
Probe_minus_Ignore	Probe - Ignore	TP7	26	0.64	-0.558831494588118	0
Probe_minus_Ignore	Probe - Ignore	TP7	28	0.64	-0.438182782883254	0
Probe_minus_Ignore	Probe - Ignore	TP7	30	0.64	-0.390684756808556	0
Probe_minus_Ignore	Probe - Ignore	TP7	4	0.68	0.349886994808912	0
Probe_minus_Ignore	Probe - Ignore	TP7	6	0.68	-2.05239644274116	1
Probe_minus_Ignore	Probe - Ignore	TP7	8	0.68	-4.92449917271733	1
Probe_minus_Ignore	Probe - Ignore	TP7	10	0.68	-5.09289379188648	1
Probe_minus_Ignore	Probe - Ignore	TP7	12	0.68	-3.59022088549458	1
Probe_minus_Ignore	Probe - Ignore	TP7	14	0.68	-2.26198926969216	1
Probe_minus_Ignore	Probe - Ignore	TP7	16	0.68	-1.6543423304191	1
Probe_minus_Ignore	Probe - Ignore	TP7	18	0.68	-1.39560696196098	1
Probe_minus_Ignore	Probe - Ignore	TP7	20	0.68	-1.07366438668508	1
Probe_minus_Ignore	Probe - Ignore	TP7	22	0.68	-0.709815153995386	1
Probe_minus_Ignore	Probe - Ignore	TP7	24	0.68	-0.429404431380905	0
Probe_minus_Ignore	Probe - Ignore	TP7	26	0.68	-0.293928563021697	0
Probe_minus_Ignore	Probe - Ignore	TP7	28	0.68	-0.191662008945759	0
Probe_minus_Ignore	Probe - Ignore	TP7	30	0.68	-0.136300682448424	0
Probe_minus_Ignore	Probe - Ignore	TP7	4	0.72	0.302034420749316	0
Probe_minus_Ignore	Probe - Ignore	TP7	6	0.72	-2.0931908975427	1
Probe_minus_Ignore	Probe - Ignore	TP7	8	0.72	-4.90829397164858	1
Probe_minus_Ignore	Probe - Ignore	TP7	10	0.72	-4.87817076056336	1
Probe_minus_Ignore	Probe - Ignore	TP7	12	0.72	-3.33441903012303	1
Probe_minus_Ignore	Probe - Ignore	TP7	14	0.72	-1.97065988813455	1
Probe_minus_Ignore	Probe - Ignore	TP7	16	0.72	-1.42747420674333	1
Probe_minus_Ignore	Probe - Ignore	TP7	18	0.72	-1.22761710503927	1
Probe_minus_Ignore	Probe - Ignore	TP7	20	0.72	-1.02332607868056	1
Probe_minus_Ignore	Probe - Ignore	TP7	22	0.72	-0.738347689692791	1
Probe_minus_Ignore	Probe - Ignore	TP7	24	0.72	-0.534077576576517	0
Probe_minus_Ignore	Probe - Ignore	TP7	26	0.72	-0.436460969396509	0
Probe_minus_Ignore	Probe - Ignore	TP7	28	0.72	-0.365687681791874	0
Probe_minus_Ignore	Probe - Ignore	TP7	30	0.72	-0.229558864465127	0
Probe_minus_Ignore	Probe - Ignore	TP7	4	0.76	0.258616400739321	0
Probe_minus_Ignore	Probe - Ignore	TP7	6	0.76	-2.08737475582613	1
Probe_minus_Ignore	Probe - Ignore	TP7	8	0.76	-4.74645270464512	1
Probe_minus_Ignore	Probe - Ignore	TP7	10	0.76	-4.69446261606824	1
Probe_minus_Ignore	Probe - Ignore	TP7	12	0.76	-3.06204539838319	1
Probe_minus_Ignore	Probe - Ignore	TP7	14	0.76	-1.65861509453792	1
Probe_minus_Ignore	Probe - Ignore	TP7	16	0.76	-1.12822384387255	1
Probe_minus_Ignore	Probe - Ignore	TP7	18	0.76	-0.997497858479619	1
Probe_minus_Ignore	Probe - Ignore	TP7	20	0.76	-0.81716676027729	1
Probe_minus_Ignore	Probe - Ignore	TP7	22	0.76	-0.623297191296633	1
Probe_minus_Ignore	Probe - Ignore	TP7	24	0.76	-0.511946483300282	1
Probe_minus_Ignore	Probe - Ignore	TP7	26	0.76	-0.477093362894196	1
Probe_minus_Ignore	Probe - Ignore	TP7	28	0.76	-0.44829221868601	0
Probe_minus_Ignore	Probe - Ignore	TP7	30	0.76	-0.419970313230386	0
Probe_minus_Ignore	Probe - Ignore	TP7	4	0.8	0.227948410982768	0
Probe_minus_Ignore	Probe - Ignore	TP7	6	0.8	-2.05031346698077	1
Probe_minus_Ignore	Probe - Ignore	TP7	8	0.8	-4.48640521902304	1
Probe_minus_Ignore	Probe - Ignore	TP7	10	0.8	-4.45328555843578	1
Probe_minus_Ignore	Probe - Ignore	TP7	12	0.8	-2.84201989380213	1
Probe_minus_Ignore	Probe - Ignore	TP7	14	0.8	-1.40694464399264	1
Probe_minus_Ignore	Probe - Ignore	TP7	16	0.8	-0.874350839795975	1
Probe_minus_Ignore	Probe - Ignore	TP7	18	0.8	-0.918235300538632	1
Probe_minus_Ignore	Probe - Ignore	TP7	20	0.8	-0.896970857651188	1
Probe_minus_Ignore	Probe - Ignore	TP7	22	0.8	-0.653583380751885	1
Probe_minus_Ignore	Probe - Ignore	TP7	24	0.8	-0.44326713681221	0
Probe_minus_Ignore	Probe - Ignore	TP7	26	0.8	-0.387873275635334	0
Probe_minus_Ignore	Probe - Ignore	TP7	28	0.8	-0.370640601103122	0
Probe_minus_Ignore	Probe - Ignore	TP7	30	0.8	-0.359146007408316	0
Probe_minus_Ignore	Probe - Ignore	TP7	4	0.84	0.211996548594191	0
Probe_minus_Ignore	Probe - Ignore	TP7	6	0.84	-1.99912487869509	1
Probe_minus_Ignore	Probe - Ignore	TP7	8	0.84	-4.22196626090086	1
Probe_minus_Ignore	Probe - Ignore	TP7	10	0.84	-4.14231644341579	1
Probe_minus_Ignore	Probe - Ignore	TP7	12	0.84	-2.6921354669791	1
Probe_minus_Ignore	Probe - Ignore	TP7	14	0.84	-1.39289296662005	1
Probe_minus_Ignore	Probe - Ignore	TP7	16	0.84	-0.760606762308341	1
Probe_minus_Ignore	Probe - Ignore	TP7	18	0.84	-0.699124209009684	1
Probe_minus_Ignore	Probe - Ignore	TP7	20	0.84	-0.72780109082277	1
Probe_minus_Ignore	Probe - Ignore	TP7	22	0.84	-0.622493269924934	1
Probe_minus_Ignore	Probe - Ignore	TP7	24	0.84	-0.503730799716253	1
Probe_minus_Ignore	Probe - Ignore	TP7	26	0.84	-0.409646725998475	0
Probe_minus_Ignore	Probe - Ignore	TP7	28	0.84	-0.253066316533547	0
Probe_minus_Ignore	Probe - Ignore	TP7	30	0.84	-0.134665678040339	0
Probe_minus_Ignore	Probe - Ignore	TP7	4	0.88	0.211085941132086	0
Probe_minus_Ignore	Probe - Ignore	TP7	6	0.88	-1.93308963827216	1
Probe_minus_Ignore	Probe - Ignore	TP7	8	0.88	-4.01268180560034	1
Probe_minus_Ignore	Probe - Ignore	TP7	10	0.88	-3.86210657269336	1
Probe_minus_Ignore	Probe - Ignore	TP7	12	0.88	-2.48857728621134	1
Probe_minus_Ignore	Probe - Ignore	TP7	14	0.88	-1.35320645742691	1
Probe_minus_Ignore	Probe - Ignore	TP7	16	0.88	-0.650634797039227	1
Probe_minus_Ignore	Probe - Ignore	TP7	18	0.88	-0.427514483650716	0
Probe_minus_Ignore	Probe - Ignore	TP7	20	0.88	-0.451970608331836	0
Probe_minus_Ignore	Probe - Ignore	TP7	22	0.88	-0.432832902440658	0
Probe_minus_Ignore	Probe - Ignore	TP7	24	0.88	-0.39715325130293	0
Probe_minus_Ignore	Probe - Ignore	TP7	26	0.88	-0.326219987554046	0
Probe_minus_Ignore	Probe - Ignore	TP7	28	0.88	-0.196153099003893	0
Probe_minus_Ignore	Probe - Ignore	TP7	30	0.88	-0.078044168651104	0
Probe_minus_Ignore	Probe - Ignore	TP7	4	0.92	0.229197821078392	0
Probe_minus_Ignore	Probe - Ignore	TP7	6	0.92	-1.84872015307729	1
Probe_minus_Ignore	Probe - Ignore	TP7	8	0.92	-3.84048232092307	1
Probe_minus_Ignore	Probe - Ignore	TP7	10	0.92	-3.66348276401942	1
Probe_minus_Ignore	Probe - Ignore	TP7	12	0.92	-2.18262694890683	1
Probe_minus_Ignore	Probe - Ignore	TP7	14	0.92	-1.02665223507211	1
Probe_minus_Ignore	Probe - Ignore	TP7	16	0.92	-0.393921706252373	0
Probe_minus_Ignore	Probe - Ignore	TP7	18	0.92	-0.20538930541191	0
Probe_minus_Ignore	Probe - Ignore	TP7	20	0.92	-0.166873516228337	0
Probe_minus_Ignore	Probe - Ignore	TP7	22	0.92	-0.124637004059668	0
Probe_minus_Ignore	Probe - Ignore	TP7	24	0.92	-0.0982592763880698	0
Probe_minus_Ignore	Probe - Ignore	TP7	26	0.92	-0.041025730709617	0
Probe_minus_Ignore	Probe - Ignore	TP7	28	0.92	0.0887586775665673	0
Probe_minus_Ignore	Probe - Ignore	TP7	30	0.92	0.0951790204988076	0
Probe_minus_Ignore	Probe - Ignore	TP7	4	0.96	0.2684073068309	0
Probe_minus_Ignore	Probe - Ignore	TP7	6	0.96	-1.75053339480208	1
Probe_minus_Ignore	Probe - Ignore	TP7	8	0.96	-3.67476895680794	1
Probe_minus_Ignore	Probe - Ignore	TP7	10	0.96	-3.46828306201272	1
Probe_minus_Ignore	Probe - Ignore	TP7	12	0.96	-1.83439962383216	1
Probe_minus_Ignore	Probe - Ignore	TP7	14	0.96	-0.630440444040757	0
Probe_minus_Ignore	Probe - Ignore	TP7	16	0.96	-0.298889494984626	0
Probe_minus_Ignore	Probe - Ignore	TP7	18	0.96	-0.265920782748323	0
Probe_minus_Ignore	Probe - Ignore	TP7	20	0.96	-0.113698764883268	0
Probe_minus_Ignore	Probe - Ignore	TP7	22	0.96	0.0598769311148387	0
Probe_minus_Ignore	Probe - Ignore	TP7	24	0.96	0.197416615063468	0
Probe_minus_Ignore	Probe - Ignore	TP7	26	0.96	0.256903786928608	0
Probe_minus_Ignore	Probe - Ignore	TP7	28	0.96	0.268202444753395	0
Probe_minus_Ignore	Probe - Ignore	TP7	30	0.96	0.22523648936588	0
Probe_minus_Ignore	Probe - Ignore	TP7	4	1	0.32555973639067	0
Probe_minus_Ignore	Probe - Ignore	TP7	6	1	-1.64591424152828	1
Probe_minus_Ignore	Probe - Ignore	TP7	8	1	-3.50886750565125	1
Probe_minus_Ignore	Probe - Ignore	TP7	10	1	-3.19957190809342	1
Probe_minus_Ignore	Probe - Ignore	TP7	12	1	-1.58481518064554	1
Probe_minus_Ignore	Probe - Ignore	TP7	14	1	-0.449647354203849	0
Probe_minus_Ignore	Probe - Ignore	TP7	16	1	-0.245746124643259	0
Probe_minus_Ignore	Probe - Ignore	TP7	18	1	-0.373866809102205	0
Probe_minus_Ignore	Probe - Ignore	TP7	20	1	-0.409720025096948	0
Probe_minus_Ignore	Probe - Ignore	TP7	22	1	-0.289643385375922	0
Probe_minus_Ignore	Probe - Ignore	TP7	24	1	-0.11015145566601	0
Probe_minus_Ignore	Probe - Ignore	TP7	26	1	-0.0066663150030833	0
Probe_minus_Ignore	Probe - Ignore	TP7	28	1	-0.0393889898864123	0
Probe_minus_Ignore	Probe - Ignore	TP7	30	1	-0.0376601732121064	0
Probe_minus_Ignore	Probe - Ignore	TP7	4	1.04	0.395704274871745	0
Probe_minus_Ignore	Probe - Ignore	TP7	6	1.04	-1.5452330238544	1
Probe_minus_Ignore	Probe - Ignore	TP7	8	1.04	-3.32136092850795	1
Probe_minus_Ignore	Probe - Ignore	TP7	10	1.04	-2.89772076474933	1
Probe_minus_Ignore	Probe - Ignore	TP7	12	1.04	-1.41475204894176	1
Probe_minus_Ignore	Probe - Ignore	TP7	14	1.04	-0.477492459978049	0
Probe_minus_Ignore	Probe - Ignore	TP7	16	1.04	-0.228048226160284	0
Probe_minus_Ignore	Probe - Ignore	TP7	18	1.04	-0.284893070798717	0
Probe_minus_Ignore	Probe - Ignore	TP7	20	1.04	-0.370492329319509	0
Probe_minus_Ignore	Probe - Ignore	TP7	22	1.04	-0.382808226948747	0
Probe_minus_Ignore	Probe - Ignore	TP7	24	1.04	-0.382118161615486	0
Probe_minus_Ignore	Probe - Ignore	TP7	26	1.04	-0.333574084708324	0
Probe_minus_Ignore	Probe - Ignore	TP7	28	1.04	-0.183109093744021	0
Probe_minus_Ignore	Probe - Ignore	TP7	30	1.04	-0.0641758513565247	0
Probe_minus_Ignore	Probe - Ignore	TP7	4	1.08	0.473773572450647	0
Probe_minus_Ignore	Probe - Ignore	TP7	6	1.08	-1.4365726116185	1
Probe_minus_Ignore	Probe - Ignore	TP7	8	1.08	-3.11159809205968	1
Probe_minus_Ignore	Probe - Ignore	TP7	10	1.08	-2.65819576411293	1
Probe_minus_Ignore	Probe - Ignore	TP7	12	1.08	-1.27071214288634	1
Probe_minus_Ignore	Probe - Ignore	TP7	14	1.08	-0.432060124209294	0
Probe_minus_Ignore	Probe - Ignore	TP7	16	1.08	-0.254189832422596	0
Probe_minus_Ignore	Probe - Ignore	TP7	18	1.08	-0.273260857193516	0
Probe_minus_Ignore	Probe - Ignore	TP7	20	1.08	-0.283326717523428	0
Probe_minus_Ignore	Probe - Ignore	TP7	22	1.08	-0.287026185255784	0
Probe_minus_Ignore	Probe - Ignore	TP7	24	1.08	-0.274666205550043	0
Probe_minus_Ignore	Probe - Ignore	TP7	26	1.08	-0.268679087695021	0
Probe_minus_Ignore	Probe - Ignore	TP7	28	1.08	-0.289267372626525	0
Probe_minus_Ignore	Probe - Ignore	TP7	30	1.08	-0.260163200302766	0
Probe_minus_Ignore	Probe - Ignore	TP7	4	1.12	0.551609122839112	0
Probe_minus_Ignore	Probe - Ignore	TP7	6	1.12	-1.32273585306337	1
Probe_minus_Ignore	Probe - Ignore	TP7	8	1.12	-2.89409044127052	1
Probe_minus_Ignore	Probe - Ignore	TP7	10	1.12	-2.4898251767915	1
Probe_minus_Ignore	Probe - Ignore	TP7	12	1.12	-1.18900889935545	1
Probe_minus_Ignore	Probe - Ignore	TP7	14	1.12	-0.374301577855546	0
Probe_minus_Ignore	Probe - Ignore	TP7	16	1.12	-0.155564265755507	0
Probe_minus_Ignore	Probe - Ignore	TP7	18	1.12	-0.2097163192498	0
Probe_minus_Ignore	Probe - Ignore	TP7	20	1.12	-0.206369846772689	0
Probe_minus_Ignore	Probe - Ignore	TP7	22	1.12	-0.140741112212149	0
Probe_minus_Ignore	Probe - Ignore	TP7	24	1.12	-0.135995944854445	0
Probe_minus_Ignore	Probe - Ignore	TP7	26	1.12	-0.165986971356548	0
Probe_minus_Ignore	Probe - Ignore	TP7	28	1.12	-0.166831664741039	0
Probe_minus_Ignore	Probe - Ignore	TP7	30	1.12	-0.191036273223849	0
Probe_minus_Ignore	Probe - Ignore	TP7	4	1.16	0.624956469409741	0
Probe_minus_Ignore	Probe - Ignore	TP7	6	1.16	-1.22472670029562	1
Probe_minus_Ignore	Probe - Ignore	TP7	8	1.16	-2.71886345427125	1
Probe_minus_Ignore	Probe - Ignore	TP7	10	1.16	-2.38703649777632	1
Probe_minus_Ignore	Probe - Ignore	TP7	12	1.16	-1.18326520203398	1
Probe_minus_Ignore	Probe - Ignore	TP7	14	1.16	-0.38825958290209	0
Probe_minus_Ignore	Probe - Ignore	TP7	16	1.16	-0.13926191176646	0
Probe_minus_Ignore	Probe - Ignore	TP7	18	1.16	-0.202002625661687	0
Probe_minus_Ignore	Probe - Ignore	TP7	20	1.16	-0.232641720427917	0
Probe_minus_Ignore	Probe - Ignore	TP7	22	1.16	-0.167109419878286	0
Probe_minus_Ignore	Probe - Ignore	TP7	24	1.16	-0.087436000816524	0
Probe_minus_Ignore	Probe - Ignore	TP7	26	1.16	-0.118479853352675	0
Probe_minus_Ignore	Probe - Ignore	TP7	28	1.16	-0.183614001824306	0
Probe_minus_Ignore	Probe - Ignore	TP7	30	1.16	-0.244654382220828	0
Probe_minus_Ignore	Probe - Ignore	TP7	4	1.2	0.689278379799082	0
Probe_minus_Ignore	Probe - Ignore	TP7	6	1.2	-1.15123939958329	1
Probe_minus_Ignore	Probe - Ignore	TP7	8	1.2	-2.60555317367499	1
Probe_minus_Ignore	Probe - Ignore	TP7	10	1.2	-2.30204743175552	1
Probe_minus_Ignore	Probe - Ignore	TP7	12	1.2	-1.17121614903926	1
Probe_minus_Ignore	Probe - Ignore	TP7	14	1.2	-0.381417945027351	0
Probe_minus_Ignore	Probe - Ignore	TP7	16	1.2	-0.226323765057784	0
Probe_minus_Ignore	Probe - Ignore	TP7	18	1.2	-0.359248020113088	0
Probe_minus_Ignore	Probe - Ignore	TP7	20	1.2	-0.35894540998225	0
Probe_minus_Ignore	Probe - Ignore	TP7	22	1.2	-0.289898946093252	0
Probe_minus_Ignore	Probe - Ignore	TP7	24	1.2	-0.222758791803454	0
Probe_minus_Ignore	Probe - Ignore	TP7	26	1.2	-0.14696777303918	0
Probe_minus_Ignore	Probe - Ignore	TP7	28	1.2	-0.0809988827587893	0
Probe_minus_Ignore	Probe - Ignore	TP7	30	1.2	0.0278488839618289	0
Probe_minus_Ignore	Probe - Ignore	TP7	4	1.24	0.736363035555069	0
Probe_minus_Ignore	Probe - Ignore	TP7	6	1.24	-1.10346667869733	1
Probe_minus_Ignore	Probe - Ignore	TP7	8	1.24	-2.55011748816245	1
Probe_minus_Ignore	Probe - Ignore	TP7	10	1.24	-2.19745055557444	1
Probe_minus_Ignore	Probe - Ignore	TP7	12	1.24	-1.06802269314917	1
Probe_minus_Ignore	Probe - Ignore	TP7	14	1.24	-0.312180648629482	0
Probe_minus_Ignore	Probe - Ignore	TP7	16	1.24	-0.204409693869261	0
Probe_minus_Ignore	Probe - Ignore	TP7	18	1.24	-0.294076468938818	0
Probe_minus_Ignore	Probe - Ignore	TP7	20	1.24	-0.257216636664592	0
Probe_minus_Ignore	Probe - Ignore	TP7	22	1.24	-0.115470666724902	0
Probe_minus_Ignore	Probe - Ignore	TP7	24	1.24	-0.0558574059261725	0
Probe_minus_Ignore	Probe - Ignore	TP7	26	1.24	-0.139109007727641	0
Probe_minus_Ignore	Probe - Ignore	TP7	28	1.24	-0.215766434271175	0
Probe_minus_Ignore	Probe - Ignore	TP7	30	1.24	-0.296318751258346	0
Probe_minus_Ignore	Probe - Ignore	TP7	4	1.28	0.756708826583165	0
Probe_minus_Ignore	Probe - Ignore	TP7	6	1.28	-1.07467394264845	0
Probe_minus_Ignore	Probe - Ignore	TP7	8	1.28	-2.54003871140034	1
Probe_minus_Ignore	Probe - Ignore	TP7	10	1.28	-2.10206904262304	1
Probe_minus_Ignore	Probe - Ignore	TP7	12	1.28	-0.955999118849062	1
Probe_minus_Ignore	Probe - Ignore	TP7	14	1.28	-0.27654316304968	0
Probe_minus_Ignore	Probe - Ignore	TP7	16	1.28	-0.155585502274334	0
Probe_minus_Ignore	Probe - Ignore	TP7	18	1.28	-0.225549791294795	0
Probe_minus_Ignore	Probe - Ignore	TP7	20	1.28	-0.23066279408522	0
Probe_minus_Ignore	Probe - Ignore	TP7	22	1.28	-0.180970093217463	0
Probe_minus_Ignore	Probe - Ignore	TP7	24	1.28	-0.124084993032739	0
Probe_minus_Ignore	Probe - Ignore	TP7	26	1.28	-0.0941521521084584	0
Probe_minus_Ignore	Probe - Ignore	TP7	28	1.28	-0.0940211491587643	0
Probe_minus_Ignore	Probe - Ignore	TP7	30	1.28	-0.0376639717545074	0
Probe_minus_Ignore	Probe - Ignore	TP7	4	1.32	0.744857608412321	0
Probe_minus_Ignore	Probe - Ignore	TP7	6	1.32	-1.0458831351537	0
Probe_minus_Ignore	Probe - Ignore	TP7	8	1.32	-2.54038225286282	1
Probe_minus_Ignore	Probe - Ignore	TP7	10	1.32	-2.04098391817444	1
Probe_minus_Ignore	Probe - Ignore	TP7	12	1.32	-0.909682676196098	1
Probe_minus_Ignore	Probe - Ignore	TP7	14	1.32	-0.276443570171698	0
Probe_minus_Ignore	Probe - Ignore	TP7	16	1.32	-0.139211950107263	0
Probe_minus_Ignore	Probe - Ignore	TP7	18	1.32	-0.19702653773129	0
Probe_minus_Ignore	Probe - Ignore	TP7	20	1.32	-0.217125034103027	0
Probe_minus_Ignore	Probe - Ignore	TP7	22	1.32	-0.193928507514871	0
Probe_minus_Ignore	Probe - Ignore	TP7	24	1.32	-0.221559800064335	0
Probe_minus_Ignore	Probe - Ignore	TP7	26	1.32	-0.267945642654712	0
Probe_minus_Ignore	Probe - Ignore	TP7	28	1.32	-0.300508995844911	0
Probe_minus_Ignore	Probe - Ignore	TP7	30	1.32	-0.246514633620301	0
Probe_minus_Ignore	Probe - Ignore	TP7	4	1.36	0.70254758072014	0
Probe_minus_Ignore	Probe - Ignore	TP7	6	1.36	-1.01380433108156	0
Probe_minus_Ignore	Probe - Ignore	TP7	8	1.36	-2.49631604294364	1
Probe_minus_Ignore	Probe - Ignore	TP7	10	1.36	-1.98547942048082	1
Probe_minus_Ignore	Probe - Ignore	TP7	12	1.36	-0.912065388491521	1
Probe_minus_Ignore	Probe - Ignore	TP7	14	1.36	-0.26949323914372	0
Probe_minus_Ignore	Probe - Ignore	TP7	16	1.36	-0.0828545991188059	0
Probe_minus_Ignore	Probe - Ignore	TP7	18	1.36	-0.0897881414633817	0
Probe_minus_Ignore	Probe - Ignore	TP7	20	1.36	-0.185719919176056	0
Probe_minus_Ignore	Probe - Ignore	TP7	22	1.36	-0.233267630951909	0
Probe_minus_Ignore	Probe - Ignore	TP7	24	1.36	-0.250897749112203	0
Probe_minus_Ignore	Probe - Ignore	TP7	26	1.36	-0.241541845509066	0
Probe_minus_Ignore	Probe - Ignore	TP7	28	1.36	-0.146553481857364	0
Probe_minus_Ignore	Probe - Ignore	TP7	30	1.36	-0.114080419907203	0
Probe_minus_Ignore	Probe - Ignore	TP7	4	1.4	0.638313952905054	0
Probe_minus_Ignore	Probe - Ignore	TP7	6	1.4	-0.971326330318474	0
Probe_minus_Ignore	Probe - Ignore	TP7	8	1.4	-2.44352708584987	1
Probe_minus_Ignore	Probe - Ignore	TP7	10	1.4	-1.96442440539025	1
Probe_minus_Ignore	Probe - Ignore	TP7	12	1.4	-0.873620498065765	1
Probe_minus_Ignore	Probe - Ignore	TP7	14	1.4	-0.124967146951419	0
Probe_minus_Ignore	Probe - Ignore	TP7	16	1.4	0.155761502683163	0
Probe_minus_Ignore	Probe - Ignore	TP7	18	1.4	0.155606096610427	0
Probe_minus_Ignore	Probe - Ignore	TP7	20	1.4	0.0698180132044049	0
Probe_minus_Ignore	Probe - Ignore	TP7	22	1.4	0.0496390612724309	0
Probe_minus_Ignore	Probe - Ignore	TP7	24	1.4	-0.00131615623831749	0
Probe_minus_Ignore	Probe - Ignore	TP7	26	1.4	-0.0343492823438003	0
Probe_minus_Ignore	Probe - Ignore	TP7	28	1.4	-0.0211273306407608	0
Probe_minus_Ignore	Probe - Ignore	TP7	30	1.4	0.0939778729449385	0
