contrast	contrast_label	channel	selection	selected_time_ms	condition	time_ms	mean_uv	sem_uv
Memorize_minus_Ignore	Memorize - Ignore	F9	peak inside corrected cluster	704	Memorize	-200	-0.292221661370534	0.103889608017252
Memorize_minus_Ignore	Memorize - Ignore	F9	peak inside corrected cluster	704	Memorize	-192	-0.178377210807342	0.1254798496955
Memorize_minus_Ignore	Memorize - Ignore	F9	peak inside corrected cluster	704	Memorize	-184	-0.0590443750485205	0.167274321604938
Memorize_minus_Ignore	Memorize - Ignore	F9	peak inside corrected cluster	704	Memorize	-176	-0.178568227395702	0.127454134175669
Memorize_minus_Ignore	Memorize - Ignore	F9	peak inside corrected cluster	704	Memorize	-168	-0.215977801153293	0.151838655050266
Memorize_minus_Ignore	Memorize - Ignore	F9	peak inside corrected cluster	704	Memorize	-160	-0.28118146597766	0.182595262794926
Memorize_minus_Ignore	Memorize - Ignore	F9	peak inside corrected cluster	704	Memorize	-152	-0.361804826543308	0.167202916054162
Memorize_minus_Ignore	Memorize - Ignore	F9	peak inside corrected cluster	704	Memorize	-144	-0.470466039501704	0.158476004678162
Memorize_minus_Ignore	Memorize - Ignore	F9	peak inside corrected cluster	704	Memorize	-136	-0.492472831446391	0.163988414128777
Memorize_minus_Ignore	Memorize - Ignore	F9	peak inside corrected cluster	704	Memorize	-128	-0.280489984613199	0.211164099750916
Memorize_minus_Ignore	Memorize - Ignore	F9	peak inside corrected cluster	704	Memorize	-120	-0.257310611124222	0.196545573376623
Memorize_minus_Ignore	Memorize - Ignore	F9	peak inside corrected cluster	704	Memorize	-112	-0.481064697441	0.161967792855649
Memorize_minus_Ignore	Memorize - Ignore	F9	peak inside corrected cluster	704	Memorize	-104	-0.498345997471076	0.32894060051775
Memorize_minus_Ignore	Memorize - Ignore	F9	peak inside corrected cluster	704	Memorize	-96	-0.448725690635351	0.296021584972442
Memorize_minus_Ignore	Memorize - Ignore	F9	peak inside corrected cluster	704	Memorize	-88	-0.343788973700542	0.162040740071634
Memorize_minus_Ignore	Memorize - Ignore	F9	peak inside corrected cluster	704	Memorize	-80	-0.0660465336762942	0.168371017695476
Memorize_minus_Ignore	Memorize - Ignore	F9	peak inside corrected cluster	704	Memorize	-72	0.0293608604070659	0.190242813661013
Memorize_minus_Ignore	Memorize - Ignore	F9	peak inside corrected cluster	704	Memorize	-64	0.126671353784891	0.198969622980347
Memorize_minus_Ignore	Memorize - Ignore	F9	peak inside corrected cluster	704	Memorize	-56	0.457362155501659	0.219003602106288
Memorize_minus_Ignore	Memorize - Ignore	F9	peak inside corrected cluster	704	Memorize	-48	0.565166111175831	0.217932858416078
Memorize_minus_Ignore	Memorize - Ignore	F9	peak inside corrected cluster	704	Memorize	-40	0.583763827498142	0.168179387938636
Memorize_minus_Ignore	Memorize - Ignore	F9	peak inside corrected cluster	704	Memorize	-32	0.834034018791639	0.266771752963103
Memorize_minus_Ignore	Memorize - Ignore	F9	peak inside corrected cluster	704	Memorize	-24	0.777385962124054	0.266383890873158
Memorize_minus_Ignore	Memorize - Ignore	F9	peak inside corrected cluster	704	Memorize	-16	0.520586298921934	0.179117861415025
Memorize_minus_Ignore	Memorize - Ignore	F9	peak inside corrected cluster	704	Memorize	-8	0.511350602484666	0.229255145621736
Memorize_minus_Ignore	Memorize - Ignore	F9	peak inside corrected cluster	704	Memorize	0	0.500205698208167	0.251127140372498
Memorize_minus_Ignore	Memorize - Ignore	F9	peak inside corrected cluster	704	Memorize	8	0.401555593197162	0.263841433671346
Memorize_minus_Ignore	Memorize - Ignore	F9	peak inside corrected cluster	704	Memorize	16	0.235472703639131	0.24024420979957
Memorize_minus_Ignore	Memorize - Ignore	F9	peak inside corrected cluster	704	Memorize	24	0.0165646938750377	0.235809652457199
Memorize_minus_Ignore	Memorize - Ignore	F9	peak inside corrected cluster	704	Memorize	32	0.0978486469158759	0.251024366875803
Memorize_minus_Ignore	Memorize - Ignore	F9	peak inside corrected cluster	704	Memorize	40	-0.0718070196990783	0.228270158725609
Memorize_minus_Ignore	Memorize - Ignore	F9	peak inside corrected cluster	704	Memorize	48	-0.51765236717004	0.266818070644898
Memorize_minus_Ignore	Memorize - Ignore	F9	peak inside corrected cluster	704	Memorize	56	-0.375612295590914	0.332486538787485
Memorize_minus_Ignore	Memorize - Ignore	F9	peak inside corrected cluster	704	Memorize	64	-0.478079642527379	0.297440694188085
Memorize_minus_Ignore	Memorize - Ignore	F9	peak inside corrected cluster	704	Memorize	72	-1.07433010408512	0.327743919134597
Memorize_minus_Ignore	Memorize - Ignore	F9	peak inside corrected cluster	704	Memorize	80	-1.27871282627949	0.450254106941439
Memorize_minus_Ignore	Memorize - Ignore	F9	peak inside corrected cluster	704	Memorize	88	-1.47665106963653	0.483628404167811
Memorize_minus_Ignore	Memorize - Ignore	F9	peak inside corrected cluster	704	Memorize	96	-1.80213136856373	0.494436857610987
Memorize_minus_Ignore	Memorize - Ignore	F9	peak inside corrected cluster	704	Memorize	104	-1.7370140586908	0.597172356397693
Memorize_minus_Ignore	Memorize - Ignore	F9	peak inside corrected cluster	704	Memorize	112	-1.22360797570302	0.773803284270834
Memorize_minus_Ignore	Memorize - Ignore	F9	peak inside corrected cluster	704	Memorize	120	-0.454752293916849	0.778149388598979
Memorize_minus_Ignore	Memorize - Ignore	F9	peak inside corrected cluster	704	Memorize	128	0.448080234802686	0.646348571571131
Memorize_minus_Ignore	Memorize - Ignore	F9	peak inside corrected cluster	704	Memorize	136	1.44893649220467	0.620631136705314
Memorize_minus_Ignore	Memorize - Ignore	F9	peak inside corrected cluster	704	Memorize	144	2.23341480355996	0.566084497582389
Memorize_minus_Ignore	Memorize - Ignore	F9	peak inside corrected cluster	704	Memorize	152	2.57086814366854	0.448455841604935
Memorize_minus_Ignore	Memorize - Ignore	F9	peak inside corrected cluster	704	Memorize	160	2.81157881938494	0.418129832466501
Memorize_minus_Ignore	Memorize - Ignore	F9	peak inside corrected cluster	704	Memorize	168	2.92326544798338	0.4240539759761
Memorize_minus_Ignore	Memorize - Ignore	F9	peak inside corrected cluster	704	Memorize	176	2.76838927085583	0.486627877849584
Memorize_minus_Ignore	Memorize - Ignore	F9	peak inside corrected cluster	704	Memorize	184	2.72732669115067	0.474837762877276
Memorize_minus_Ignore	Memorize - Ignore	F9	peak inside corrected cluster	704	Memorize	192	2.62195563774842	0.457429303844087
Memorize_minus_Ignore	Memorize - Ignore	F9	peak inside corrected cluster	704	Memorize	200	2.25623480402506	0.475857983448748
Memorize_minus_Ignore	Memorize - Ignore	F9	peak inside corrected cluster	704	Memorize	208	1.95457777151695	0.48631975099898
Memorize_minus_Ignore	Memorize - Ignore	F9	peak inside corrected cluster	704	Memorize	216	1.95915831969335	0.491831142900492
Memorize_minus_Ignore	Memorize - Ignore	F9	peak inside corrected cluster	704	Memorize	224	1.88236982088823	0.512548367358291
Memorize_minus_Ignore	Memorize - Ignore	F9	peak inside corrected cluster	704	Memorize	232	1.59042293693011	0.506587768546481
Memorize_minus_Ignore	Memorize - Ignore	F9	peak inside corrected cluster	704	Memorize	240	1.4920839369297	0.424124380196476
Memorize_minus_Ignore	Memorize - Ignore	F9	peak inside corrected cluster	704	Memorize	248	1.45069804694504	0.416981503972017
Memorize_minus_Ignore	Memorize - Ignore	F9	peak inside corrected cluster	704	Memorize	256	1.18873588396953	0.400834293813347
Memorize_minus_Ignore	Memorize - Ignore	F9	peak inside corrected cluster	704	Memorize	264	0.917492472781585	0.379102371217162
Memorize_minus_Ignore	Memorize - Ignore	F9	peak inside corrected cluster	704	Memorize	272	0.597240652029331	0.365109790517457
Memorize_minus_Ignore	Memorize - Ignore	F9	peak inside corrected cluster	704	Memorize	280	0.254152735265402	0.375207841034224
Memorize_minus_Ignore	Memorize - Ignore	F9	peak inside corrected cluster	704	Memorize	288	0.219330306236561	0.408587507077557
Memorize_minus_Ignore	Memorize - Ignore	F9	peak inside corrected cluster	704	Memorize	296	0.176699001055497	0.416433872716152
Memorize_minus_Ignore	Memorize - Ignore	F9	peak inside corrected cluster	704	Memorize	304	0.100371053585639	0.466784782984875
Memorize_minus_Ignore	Memorize - Ignore	F9	peak inside corrected cluster	704	Memorize	312	0.0478660865471913	0.493106404160539
Memorize_minus_Ignore	Memorize - Ignore	F9	peak inside corrected cluster	704	Memorize	320	-0.110686847796807	0.481743424594566
Memorize_minus_Ignore	Memorize - Ignore	F9	peak inside corrected cluster	704	Memorize	328	0.0671936204800239	0.455573106986056
Memorize_minus_Ignore	Memorize - Ignore	F9	peak inside corrected cluster	704	Memorize	336	0.116410856063549	0.45599742455231
Memorize_minus_Ignore	Memorize - Ignore	F9	peak inside corrected cluster	704	Memorize	344	-0.395873426244809	0.415337634636734
Memorize_minus_Ignore	Memorize - Ignore	F9	peak inside corrected cluster	704	Memorize	352	-0.612844325315494	0.420995909012181
Memorize_minus_Ignore	Memorize - Ignore	F9	peak inside corrected cluster	704	Memorize	360	-0.556783819427857	0.327369262480093
Memorize_minus_Ignore	Memorize - Ignore	F9	peak inside corrected cluster	704	Memorize	368	-0.738837867975235	0.235493457737551
Memorize_minus_Ignore	Memorize - Ignore	F9	peak inside corrected cluster	704	Memorize	376	-1.0683838564616	0.315990751235007
Memorize_minus_Ignore	Memorize - Ignore	F9	peak inside corrected cluster	704	Memorize	384	-1.25133006389324	0.334914085476565
Memorize_minus_Ignore	Memorize - Ignore	F9	peak inside corrected cluster	704	Memorize	392	-1.14843881323647	0.280575573343684
Memorize_minus_Ignore	Memorize - Ignore	F9	peak inside corrected cluster	704	Memorize	400	-1.06226590275764	0.307295442154221
Memorize_minus_Ignore	Memorize - Ignore	F9	peak inside corrected cluster	704	Memorize	408	-1.1170950623659	0.403015390354441
Memorize_minus_Ignore	Memorize - Ignore	F9	peak inside corrected cluster	704	Memorize	416	-1.16280486606635	0.407671487219087
Memorize_minus_Ignore	Memorize - Ignore	F9	peak inside corrected cluster	704	Memorize	424	-1.09929895401001	0.380119713473988
Memorize_minus_Ignore	Memorize - Ignore	F9	peak inside corrected cluster	704	Memorize	432	-0.973615985650283	0.367831613287553
Memorize_minus_Ignore	Memorize - Ignore	F9	peak inside corrected cluster	704	Memorize	440	-0.860469100567011	0.304233498898993
Memorize_minus_Ignore	Memorize - Ignore	F9	peak inside corrected cluster	704	Memorize	448	-0.681482952374678	0.259787146118616
Memorize_minus_Ignore	Memorize - Ignore	F9	peak inside corrected cluster	704	Memorize	456	-0.592071201938849	0.300513210008232
Memorize_minus_Ignore	Memorize - Ignore	F9	peak inside corrected cluster	704	Memorize	464	-0.599337340690769	0.32002607841008
Memorize_minus_Ignore	Memorize - Ignore	F9	peak inside corrected cluster	704	Memorize	472	-0.707018648202603	0.286591767481734
Memorize_minus_Ignore	Memorize - Ignore	F9	peak inside corrected cluster	704	Memorize	480	-0.716614041119241	0.243404424817222
Memorize_minus_Ignore	Memorize - Ignore	F9	peak inside corrected cluster	704	Memorize	488	-0.532537495574126	0.190882448708537
Memorize_minus_Ignore	Memorize - Ignore	F9	peak inside corrected cluster	704	Memorize	496	-0.485169917345047	0.166919973363672
Memorize_minus_Ignore	Memorize - Ignore	F9	peak inside corrected cluster	704	Memorize	504	-0.437045595680292	0.212004361752402
Memorize_minus_Ignore	Memorize - Ignore	F9	peak inside corrected cluster	704	Memorize	512	-0.447068290641675	0.253946970196249
Memorize_minus_Ignore	Memorize - Ignore	F9	peak inside corrected cluster	704	Memorize	520	-0.403162953945307	0.245254814185987
Memorize_minus_Ignore	Memorize - Ignore	F9	peak inside corrected cluster	704	Memorize	528	-0.380007590525425	0.23630148955491
Memorize_minus_Ignore	Memorize - Ignore	F9	peak inside corrected cluster	704	Memorize	536	-0.532872536864418	0.227654410063414
Memorize_minus_Ignore	Memorize - Ignore	F9	peak inside corrected cluster	704	Memorize	544	-0.464431701084742	0.21789753303241
Memorize_minus_Ignore	Memorize - Ignore	F9	peak inside corrected cluster	704	Memorize	552	-0.364844339398237	0.188567351978676
Memorize_minus_Ignore	Memorize - Ignore	F9	peak inside corrected cluster	704	Memorize	560	-0.362893386457402	0.186254175948768
Memorize_minus_Ignore	Memorize - Ignore	F9	peak inside corrected cluster	704	Memorize	568	-0.130159727942485	0.188841206076573
Memorize_minus_Ignore	Memorize - Ignore	F9	peak inside corrected cluster	704	Memorize	576	0.0985083935352472	0.153082695031694
Memorize_minus_Ignore	Memorize - Ignore	F9	peak inside corrected cluster	704	Memorize	584	0.0342919519887521	0.138136895999374
Memorize_minus_Ignore	Memorize - Ignore	F9	peak inside corrected cluster	704	Memorize	592	0.11964590388995	0.172618236886942
Memorize_minus_Ignore	Memorize - Ignore	F9	peak inside corrected cluster	704	Memorize	600	0.457888121358477	0.232124966903145
Memorize_minus_Ignore	Memorize - Ignore	F9	peak inside corrected cluster	704	Memorize	608	0.355612291452976	0.194530110620877
Memorize_minus_Ignore	Memorize - Ignore	F9	peak inside corrected cluster	704	Memorize	616	0.0524195550152889	0.154012955960253
Memorize_minus_Ignore	Memorize - Ignore	F9	peak inside corrected cluster	704	Memorize	624	0.108887582444228	0.140969279303786
Memorize_minus_Ignore	Memorize - Ignore	F9	peak inside corrected cluster	704	Memorize	632	0.12874496069092	0.1755505845116
Memorize_minus_Ignore	Memorize - Ignore	F9	peak inside corrected cluster	704	Memorize	640	0.069627443758341	0.146744183191504
Memorize_minus_Ignore	Memorize - Ignore	F9	peak inside corrected cluster	704	Memorize	648	0.1470268509494	0.207772204956703
Memorize_minus_Ignore	Memorize - Ignore	F9	peak inside corrected cluster	704	Memorize	656	0.174563960100596	0.240516020679567
Memorize_minus_Ignore	Memorize - Ignore	F9	peak inside corrected cluster	704	Memorize	664	0.215152067920336	0.181840191366624
Memorize_minus_Ignore	Memorize - Ignore	F9	peak inside corrected cluster	704	Memorize	672	0.332236676261975	0.185971939746874
Memorize_minus_Ignore	Memorize - Ignore	F9	peak inside corrected cluster	704	Memorize	680	0.384059826341959	0.222636921137675
Memorize_minus_Ignore	Memorize - Ignore	F9	peak inside corrected cluster	704	Memorize	688	0.408629936667589	0.168811990919478
Memorize_minus_Ignore	Memorize - Ignore	F9	peak inside corrected cluster	704	Memorize	696	0.388800277159764	0.179011012516114
Memorize_minus_Ignore	Memorize - Ignore	F9	peak inside corrected cluster	704	Memorize	704	0.390456792826836	0.19917597775266
Memorize_minus_Ignore	Memorize - Ignore	F9	peak inside corrected cluster	704	Memorize	712	0.444599098597582	0.232635976679268
Memorize_minus_Ignore	Memorize - Ignore	F9	peak inside corrected cluster	704	Memorize	720	0.34194238920911	0.209642860342225
Memorize_minus_Ignore	Memorize - Ignore	F9	peak inside corrected cluster	704	Memorize	728	0.179312728918516	0.233339478265909
Memorize_minus_Ignore	Memorize - Ignore	F9	peak inside corrected cluster	704	Memorize	736	0.142157454186907	0.221702931286272
Memorize_minus_Ignore	Memorize - Ignore	F9	peak inside corrected cluster	704	Memorize	744	0.228345390695792	0.238874212179273
Memorize_minus_Ignore	Memorize - Ignore	F9	peak inside corrected cluster	704	Memorize	752	0.406820072076068	0.224908758112649
Memorize_minus_Ignore	Memorize - Ignore	F9	peak inside corrected cluster	704	Memorize	760	0.419474042235659	0.240520975396753
Memorize_minus_Ignore	Memorize - Ignore	F9	peak inside corrected cluster	704	Memorize	768	0.387163562449412	0.252651414700291
Memorize_minus_Ignore	Memorize - Ignore	F9	peak inside corrected cluster	704	Memorize	776	0.382384521241945	0.261180778436585
Memorize_minus_Ignore	Memorize - Ignore	F9	peak inside corrected cluster	704	Memorize	784	0.503965042173289	0.280578872202856
Memorize_minus_Ignore	Memorize - Ignore	F9	peak inside corrected cluster	704	Memorize	792	0.672568695404782	0.314058960521812
Memorize_minus_Ignore	Memorize - Ignore	F9	peak inside corrected cluster	704	Memorize	800	0.500716452845014	0.291032658641827
Memorize_minus_Ignore	Memorize - Ignore	F9	peak inside corrected cluster	704	Memorize	808	0.405339853408245	0.232203600409758
Memorize_minus_Ignore	Memorize - Ignore	F9	peak inside corrected cluster	704	Memorize	816	0.629370432347059	0.286771410422128
Memorize_minus_Ignore	Memorize - Ignore	F9	peak inside corrected cluster	704	Memorize	824	0.760037035609667	0.345835174439719
Memorize_minus_Ignore	Memorize - Ignore	F9	peak inside corrected cluster	704	Memorize	832	0.68867671632996	0.230507970418165
Memorize_minus_Ignore	Memorize - Ignore	F9	peak inside corrected cluster	704	Memorize	840	0.561038365515952	0.204249711057299
Memorize_minus_Ignore	Memorize - Ignore	F9	peak inside corrected cluster	704	Memorize	848	0.436750149354339	0.228262350212347
Memorize_minus_Ignore	Memorize - Ignore	F9	peak inside corrected cluster	704	Memorize	856	0.583843640696544	0.188743695300656
Memorize_minus_Ignore	Memorize - Ignore	F9	peak inside corrected cluster	704	Memorize	864	0.647675362343971	0.161046317901185
Memorize_minus_Ignore	Memorize - Ignore	F9	peak inside corrected cluster	704	Memorize	872	0.46579279535665	0.17729288467298
Memorize_minus_Ignore	Memorize - Ignore	F9	peak inside corrected cluster	704	Memorize	880	0.61842157290532	0.185251951332203
Memorize_minus_Ignore	Memorize - Ignore	F9	peak inside corrected cluster	704	Memorize	888	0.729055700537104	0.187447703089681
Memorize_minus_Ignore	Memorize - Ignore	F9	peak inside corrected cluster	704	Memorize	896	0.568017627757329	0.192073595240761
Memorize_minus_Ignore	Memorize - Ignore	F9	peak inside corrected cluster	704	Memorize	904	0.651020491244988	0.199760892845998
Memorize_minus_Ignore	Memorize - Ignore	F9	peak inside corrected cluster	704	Memorize	912	0.680966503918171	0.204297642169897
Memorize_minus_Ignore	Memorize - Ignore	F9	peak inside corrected cluster	704	Memorize	920	0.553567841649055	0.181047903078232
Memorize_minus_Ignore	Memorize - Ignore	F9	peak inside corrected cluster	704	Memorize	928	0.577376177677741	0.17014936798965
Memorize_minus_Ignore	Memorize - Ignore	F9	peak inside corrected cluster	704	Memorize	936	0.671929381214655	0.161222801128372
Memorize_minus_Ignore	Memorize - Ignore	F9	peak inside corrected cluster	704	Memorize	944	0.593965841278147	0.194637888684134
Memorize_minus_Ignore	Memorize - Ignore	F9	peak inside corrected cluster	704	Memorize	952	0.485052208487804	0.191257182396896
Memorize_minus_Ignore	Memorize - Ignore	F9	peak inside corrected cluster	704	Memorize	960	0.62101360467764	0.229185791802772
Memorize_minus_Ignore	Memorize - Ignore	F9	peak inside corrected cluster	704	Memorize	968	0.543303879407736	0.268304083140389
Memorize_minus_Ignore	Memorize - Ignore	F9	peak inside corrected cluster	704	Memorize	976	0.397968067572667	0.255156121847961
Memorize_minus_Ignore	Memorize - Ignore	F9	peak inside corrected cluster	704	Memorize	984	0.491680900924481	0.253176318890395
Memorize_minus_Ignore	Memorize - Ignore	F9	peak inside corrected cluster	704	Memorize	992	0.332765188068151	0.278439739699115
Memorize_minus_Ignore	Memorize - Ignore	F9	peak inside corrected cluster	704	Memorize	1000	0.291148411539885	0.27288573771621
Memorize_minus_Ignore	Memorize - Ignore	F9	peak inside corrected cluster	704	Ignore	-200	-0.13528775710326	0.210908220441559
Memorize_minus_Ignore	Memorize - Ignore	F9	peak inside corrected cluster	704	Ignore	-192	0.0174262595291321	0.222943604514671
Memorize_minus_Ignore	Memorize - Ignore	F9	peak inside corrected cluster	704	Ignore	-184	0.0230680818741138	0.191834993241454
Memorize_minus_Ignore	Memorize - Ignore	F9	peak inside corrected cluster	704	Ignore	-176	-0.477051313679952	0.172004252429827
Memorize_minus_Ignore	Memorize - Ignore	F9	peak inside corrected cluster	704	Ignore	-168	-0.454914761241525	0.146250922436188
Memorize_minus_Ignore	Memorize - Ignore	F9	peak inside corrected cluster	704	Ignore	-160	-0.317779330877014	0.149890460330099
Memorize_minus_Ignore	Memorize - Ignore	F9	peak inside corrected cluster	704	Ignore	-152	-0.445531487464905	0.155936591160716
Memorize_minus_Ignore	Memorize - Ignore	F9	peak inside corrected cluster	704	Ignore	-144	-0.538504336315852	0.198508647281829
Memorize_minus_Ignore	Memorize - Ignore	F9	peak inside corrected cluster	704	Ignore	-136	-0.436099314847245	0.169956809243107
Memorize_minus_Ignore	Memorize - Ignore	F9	peak inside corrected cluster	704	Ignore	-128	-0.295940925295536	0.156684320317026
Memorize_minus_Ignore	Memorize - Ignore	F9	peak inside corrected cluster	704	Ignore	-120	-0.177761141533175	0.195315632015823
Memorize_minus_Ignore	Memorize - Ignore	F9	peak inside corrected cluster	704	Ignore	-112	-0.0132672069594264	0.165644354112466
Memorize_minus_Ignore	Memorize - Ignore	F9	peak inside corrected cluster	704	Ignore	-104	-0.031158806469578	0.192499868527014
Memorize_minus_Ignore	Memorize - Ignore	F9	peak inside corrected cluster	704	Ignore	-96	-0.197227167968567	0.183020500528997
Memorize_minus_Ignore	Memorize - Ignore	F9	peak inside corrected cluster	704	Ignore	-88	-0.304329563075533	0.233529019861576
Memorize_minus_Ignore	Memorize - Ignore	F9	peak inside corrected cluster	704	Ignore	-80	-0.18048210384754	0.239753996806056
Memorize_minus_Ignore	Memorize - Ignore	F9	peak inside corrected cluster	704	Ignore	-72	-0.0508128923292343	0.276249933534968
Memorize_minus_Ignore	Memorize - Ignore	F9	peak inside corrected cluster	704	Ignore	-64	0.100535731762648	0.264090722887682
Memorize_minus_Ignore	Memorize - Ignore	F9	peak inside corrected cluster	704	Ignore	-56	0.172303205499282	0.245501155742166
Memorize_minus_Ignore	Memorize - Ignore	F9	peak inside corrected cluster	704	Ignore	-48	0.0218748994744741	0.249065730836397
Memorize_minus_Ignore	Memorize - Ignore	F9	peak inside corrected cluster	704	Ignore	-40	0.257998896798549	0.183231951239699
Memorize_minus_Ignore	Memorize - Ignore	F9	peak inside corrected cluster	704	Ignore	-32	0.677008446592551	0.314318603568498
Memorize_minus_Ignore	Memorize - Ignore	F9	peak inside corrected cluster	704	Ignore	-24	0.744177501935225	0.392110329321496
Memorize_minus_Ignore	Memorize - Ignore	F9	peak inside corrected cluster	704	Ignore	-16	0.750692798541142	0.359641524572618
Memorize_minus_Ignore	Memorize - Ignore	F9	peak inside corrected cluster	704	Ignore	-8	0.741863792905441	0.384132767096987
Memorize_minus_Ignore	Memorize - Ignore	F9	peak inside corrected cluster	704	Ignore	0	0.549198516859458	0.409646676782879
Memorize_minus_Ignore	Memorize - Ignore	F9	peak inside corrected cluster	704	Ignore	8	0.495638653635979	0.424285059569821
Memorize_minus_Ignore	Memorize - Ignore	F9	peak inside corrected cluster	704	Ignore	16	0.680231088056014	0.514798656363428
Memorize_minus_Ignore	Memorize - Ignore	F9	peak inside corrected cluster	704	Ignore	24	0.544935963474787	0.531523778008896
Memorize_minus_Ignore	Memorize - Ignore	F9	peak inside corrected cluster	704	Ignore	32	0.257864975012266	0.387582659974036
Memorize_minus_Ignore	Memorize - Ignore	F9	peak inside corrected cluster	704	Ignore	40	-0.0643576842087966	0.281842610811253
Memorize_minus_Ignore	Memorize - Ignore	F9	peak inside corrected cluster	704	Ignore	48	-0.297538620706361	0.186108902189973
Memorize_minus_Ignore	Memorize - Ignore	F9	peak inside corrected cluster	704	Ignore	56	-0.37461268901825	0.25253322272226
Memorize_minus_Ignore	Memorize - Ignore	F9	peak inside corrected cluster	704	Ignore	64	-0.870078953699424	0.277617234801658
Memorize_minus_Ignore	Memorize - Ignore	F9	peak inside corrected cluster	704	Ignore	72	-1.10305456931774	0.239606275350697
Memorize_minus_Ignore	Memorize - Ignore	F9	peak inside corrected cluster	704	Ignore	80	-1.07627073388833	0.368798696334127
Memorize_minus_Ignore	Memorize - Ignore	F9	peak inside corrected cluster	704	Ignore	88	-1.5005638897419	0.442002823387831
Memorize_minus_Ignore	Memorize - Ignore	F9	peak inside corrected cluster	704	Ignore	96	-1.49501033012684	0.605051769183185
Memorize_minus_Ignore	Memorize - Ignore	F9	peak inside corrected cluster	704	Ignore	104	-1.35515159196579	0.831095536676654
Memorize_minus_Ignore	Memorize - Ignore	F9	peak inside corrected cluster	704	Ignore	112	-1.31358005908819	0.966071831845218
Memorize_minus_Ignore	Memorize - Ignore	F9	peak inside corrected cluster	704	Ignore	120	-0.42049223356522	1.00262043285493
Memorize_minus_Ignore	Memorize - Ignore	F9	peak inside corrected cluster	704	Ignore	128	0.658648445772437	0.767881727031771
Memorize_minus_Ignore	Memorize - Ignore	F9	peak inside corrected cluster	704	Ignore	136	1.48423138833963	0.605586704903448
Memorize_minus_Ignore	Memorize - Ignore	F9	peak inside corrected cluster	704	Ignore	144	2.26822199271275	0.633577881973046
Memorize_minus_Ignore	Memorize - Ignore	F9	peak inside corrected cluster	704	Ignore	152	2.76489021571783	0.548409566003458
Memorize_minus_Ignore	Memorize - Ignore	F9	peak inside corrected cluster	704	Ignore	160	2.84907530534726	0.546420361986115
Memorize_minus_Ignore	Memorize - Ignore	F9	peak inside corrected cluster	704	Ignore	168	2.4109470222902	0.561703478828157
Memorize_minus_Ignore	Memorize - Ignore	F9	peak inside corrected cluster	704	Ignore	176	2.06627419648262	0.565766145422748
Memorize_minus_Ignore	Memorize - Ignore	F9	peak inside corrected cluster	704	Ignore	184	2.09505660258807	0.551635035576655
Memorize_minus_Ignore	Memorize - Ignore	F9	peak inside corrected cluster	704	Ignore	192	1.72322667332796	0.528751047707099
Memorize_minus_Ignore	Memorize - Ignore	F9	peak inside corrected cluster	704	Ignore	200	1.34665021988062	0.523113241356248
Memorize_minus_Ignore	Memorize - Ignore	F9	peak inside corrected cluster	704	Ignore	208	1.00491824631508	0.529402518966629
Memorize_minus_Ignore	Memorize - Ignore	F9	peak inside corrected cluster	704	Ignore	216	0.594759891955898	0.51114919439272
Memorize_minus_Ignore	Memorize - Ignore	F9	peak inside corrected cluster	704	Ignore	224	0.800844453239384	0.481415842951718
Memorize_minus_Ignore	Memorize - Ignore	F9	peak inside corrected cluster	704	Ignore	232	1.04089883944163	0.457592564046109
Memorize_minus_Ignore	Memorize - Ignore	F9	peak inside corrected cluster	704	Ignore	240	0.847461429926065	0.404596472668896
Memorize_minus_Ignore	Memorize - Ignore	F9	peak inside corrected cluster	704	Ignore	248	0.700455523454226	0.384277548312489
Memorize_minus_Ignore	Memorize - Ignore	F9	peak inside corrected cluster	704	Ignore	256	0.663151660217689	0.310995643908504
Memorize_minus_Ignore	Memorize - Ignore	F9	peak inside corrected cluster	704	Ignore	264	0.599510116072801	0.328135768157188
Memorize_minus_Ignore	Memorize - Ignore	F9	peak inside corrected cluster	704	Ignore	272	0.450077712535858	0.399957686184399
Memorize_minus_Ignore	Memorize - Ignore	F9	peak inside corrected cluster	704	Ignore	280	0.327416024529017	0.440362485842376
Memorize_minus_Ignore	Memorize - Ignore	F9	peak inside corrected cluster	704	Ignore	288	0.3095847093142	0.438357436388268
Memorize_minus_Ignore	Memorize - Ignore	F9	peak inside corrected cluster	704	Ignore	296	0.347463391363048	0.462406569698491
Memorize_minus_Ignore	Memorize - Ignore	F9	peak inside corrected cluster	704	Ignore	304	0.422004936119685	0.521670628295204
Memorize_minus_Ignore	Memorize - Ignore	F9	peak inside corrected cluster	704	Ignore	312	0.341380862089304	0.57963509430523
Memorize_minus_Ignore	Memorize - Ignore	F9	peak inside corrected cluster	704	Ignore	320	0.508331514321841	0.614832813130138
Memorize_minus_Ignore	Memorize - Ignore	F9	peak inside corrected cluster	704	Ignore	328	0.920027462335733	0.662252444807193
Memorize_minus_Ignore	Memorize - Ignore	F9	peak inside corrected cluster	704	Ignore	336	0.898721155638878	0.644038936818743
Memorize_minus_Ignore	Memorize - Ignore	F9	peak inside corrected cluster	704	Ignore	344	0.581886692689015	0.63354543570801
Memorize_minus_Ignore	Memorize - Ignore	F9	peak inside corrected cluster	704	Ignore	352	0.551109313964844	0.628794718217909
Memorize_minus_Ignore	Memorize - Ignore	F9	peak inside corrected cluster	704	Ignore	360	0.671744578732894	0.592320242723945
Memorize_minus_Ignore	Memorize - Ignore	F9	peak inside corrected cluster	704	Ignore	368	0.596774190879212	0.588164099878768
Memorize_minus_Ignore	Memorize - Ignore	F9	peak inside corrected cluster	704	Ignore	376	0.30171483869736	0.440576734518085
Memorize_minus_Ignore	Memorize - Ignore	F9	peak inside corrected cluster	704	Ignore	384	-0.111304730463486	0.308537199832444
Memorize_minus_Ignore	Memorize - Ignore	F9	peak inside corrected cluster	704	Ignore	392	-0.220926749305083	0.34262070330917
Memorize_minus_Ignore	Memorize - Ignore	F9	peak inside corrected cluster	704	Ignore	400	-0.33824248611927	0.335958320923614
Memorize_minus_Ignore	Memorize - Ignore	F9	peak inside corrected cluster	704	Ignore	408	-0.72932043671608	0.326978763848596
Memorize_minus_Ignore	Memorize - Ignore	F9	peak inside corrected cluster	704	Ignore	416	-0.953813814199888	0.299935112606858
Memorize_minus_Ignore	Memorize - Ignore	F9	peak inside corrected cluster	704	Ignore	424	-1.15876399897612	0.353741311599797
Memorize_minus_Ignore	Memorize - Ignore	F9	peak inside corrected cluster	704	Ignore	432	-1.35207000030921	0.389236593141374
Memorize_minus_Ignore	Memorize - Ignore	F9	peak inside corrected cluster	704	Ignore	440	-1.53285598067137	0.378634051543333
Memorize_minus_Ignore	Memorize - Ignore	F9	peak inside corrected cluster	704	Ignore	448	-1.43681006076244	0.348190114000949
Memorize_minus_Ignore	Memorize - Ignore	F9	peak inside corrected cluster	704	Ignore	456	-1.39692214131355	0.366498281478249
Memorize_minus_Ignore	Memorize - Ignore	F9	peak inside corrected cluster	704	Ignore	464	-1.50261880113528	0.417837143927292
Memorize_minus_Ignore	Memorize - Ignore	F9	peak inside corrected cluster	704	Ignore	472	-1.05117488824404	0.3791942128842
Memorize_minus_Ignore	Memorize - Ignore	F9	peak inside corrected cluster	704	Ignore	480	-0.915805175900459	0.371065473016085
Memorize_minus_Ignore	Memorize - Ignore	F9	peak inside corrected cluster	704	Ignore	488	-1.07282585951571	0.344698912726703
Memorize_minus_Ignore	Memorize - Ignore	F9	peak inside corrected cluster	704	Ignore	496	-1.00881613103243	0.359658943459956
Memorize_minus_Ignore	Memorize - Ignore	F9	peak inside corrected cluster	704	Ignore	504	-1.14524567127228	0.390667459751822
Memorize_minus_Ignore	Memorize - Ignore	F9	peak inside corrected cluster	704	Ignore	512	-1.20517496420787	0.413922547837262
Memorize_minus_Ignore	Memorize - Ignore	F9	peak inside corrected cluster	704	Ignore	520	-1.22205577962674	0.38423877183055
Memorize_minus_Ignore	Memorize - Ignore	F9	peak inside corrected cluster	704	Ignore	528	-1.30741571921569	0.385056917602085
Memorize_minus_Ignore	Memorize - Ignore	F9	peak inside corrected cluster	704	Ignore	536	-1.31582051816468	0.379761070152834
Memorize_minus_Ignore	Memorize - Ignore	F9	peak inside corrected cluster	704	Ignore	544	-1.32439336467248	0.368495879563727
Memorize_minus_Ignore	Memorize - Ignore	F9	peak inside corrected cluster	704	Ignore	552	-1.08157413101827	0.384522810914785
Memorize_minus_Ignore	Memorize - Ignore	F9	peak inside corrected cluster	704	Ignore	560	-0.872413770224039	0.325033430861919
Memorize_minus_Ignore	Memorize - Ignore	F9	peak inside corrected cluster	704	Ignore	568	-0.731833898677276	0.283228495238264
Memorize_minus_Ignore	Memorize - Ignore	F9	peak inside corrected cluster	704	Ignore	576	-0.251612796233251	0.273284005892474
Memorize_minus_Ignore	Memorize - Ignore	F9	peak inside corrected cluster	704	Ignore	584	-0.0287334059293454	0.216330654789448
Memorize_minus_Ignore	Memorize - Ignore	F9	peak inside corrected cluster	704	Ignore	592	-0.159934477737317	0.153676595339517
Memorize_minus_Ignore	Memorize - Ignore	F9	peak inside corrected cluster	704	Ignore	600	0.186079631917752	0.14816891704887
Memorize_minus_Ignore	Memorize - Ignore	F9	peak inside corrected cluster	704	Ignore	608	0.420614661326489	0.187690905056758
Memorize_minus_Ignore	Memorize - Ignore	F9	peak inside corrected cluster	704	Ignore	616	0.214366539166524	0.215410012853743
Memorize_minus_Ignore	Memorize - Ignore	F9	peak inside corrected cluster	704	Ignore	624	0.0586909193259019	0.250679265173689
Memorize_minus_Ignore	Memorize - Ignore	F9	peak inside corrected cluster	704	Ignore	632	0.125266231023348	0.157179172938584
Memorize_minus_Ignore	Memorize - Ignore	F9	peak inside corrected cluster	704	Ignore	640	0.383395795925305	0.171248172756234
Memorize_minus_Ignore	Memorize - Ignore	F9	peak inside corrected cluster	704	Ignore	648	0.28405658642833	0.225836284213512
Memorize_minus_Ignore	Memorize - Ignore	F9	peak inside corrected cluster	704	Ignore	656	0.220659576499691	0.265085917291668
Memorize_minus_Ignore	Memorize - Ignore	F9	peak inside corrected cluster	704	Ignore	664	0.316453320762286	0.308914015401033
Memorize_minus_Ignore	Memorize - Ignore	F9	peak inside corrected cluster	704	Ignore	672	0.411766187789348	0.288099802084262
Memorize_minus_Ignore	Memorize - Ignore	F9	peak inside corrected cluster	704	Ignore	680	0.721102295586696	0.233520983278307
Memorize_minus_Ignore	Memorize - Ignore	F9	peak inside corrected cluster	704	Ignore	688	0.704780521301123	0.286290364676287
Memorize_minus_Ignore	Memorize - Ignore	F9	peak inside corrected cluster	704	Ignore	696	0.831414061383559	0.231389543881267
Memorize_minus_Ignore	Memorize - Ignore	F9	peak inside corrected cluster	704	Ignore	704	1.41239631863741	0.215304926168526
Memorize_minus_Ignore	Memorize - Ignore	F9	peak inside corrected cluster	704	Ignore	712	1.378418430686	0.271219047412733
Memorize_minus_Ignore	Memorize - Ignore	F9	peak inside corrected cluster	704	Ignore	720	1.02488097634453	0.320914458322712
Memorize_minus_Ignore	Memorize - Ignore	F9	peak inside corrected cluster	704	Ignore	728	1.21359033667697	0.447280268695159
Memorize_minus_Ignore	Memorize - Ignore	F9	peak inside corrected cluster	704	Ignore	736	1.4219569049489	0.53394149820529
Memorize_minus_Ignore	Memorize - Ignore	F9	peak inside corrected cluster	704	Ignore	744	1.16316154626055	0.427233656728144
Memorize_minus_Ignore	Memorize - Ignore	F9	peak inside corrected cluster	704	Ignore	752	0.971233624767942	0.413795888911083
Memorize_minus_Ignore	Memorize - Ignore	F9	peak inside corrected cluster	704	Ignore	760	0.794264567586092	0.317720897958071
Memorize_minus_Ignore	Memorize - Ignore	F9	peak inside corrected cluster	704	Ignore	768	0.438239145737428	0.279348396788174
Memorize_minus_Ignore	Memorize - Ignore	F9	peak inside corrected cluster	704	Ignore	776	0.320424571490059	0.235003877123803
Memorize_minus_Ignore	Memorize - Ignore	F9	peak inside corrected cluster	704	Ignore	784	0.47622706905867	0.190597775605332
Memorize_minus_Ignore	Memorize - Ignore	F9	peak inside corrected cluster	704	Ignore	792	0.364303982924097	0.24323851294527
Memorize_minus_Ignore	Memorize - Ignore	F9	peak inside corrected cluster	704	Ignore	800	0.320222149531429	0.233341068890836
Memorize_minus_Ignore	Memorize - Ignore	F9	peak inside corrected cluster	704	Ignore	808	0.827861142846254	0.297867006854689
Memorize_minus_Ignore	Memorize - Ignore	F9	peak inside corrected cluster	704	Ignore	816	0.877856492566375	0.351370404597305
Memorize_minus_Ignore	Memorize - Ignore	F9	peak inside corrected cluster	704	Ignore	824	0.706734281319838	0.313259363775259
Memorize_minus_Ignore	Memorize - Ignore	F9	peak inside corrected cluster	704	Ignore	832	1.04254095313641	0.408811981830495
Memorize_minus_Ignore	Memorize - Ignore	F9	peak inside corrected cluster	704	Ignore	840	1.09522384405136	0.51009482331812
Memorize_minus_Ignore	Memorize - Ignore	F9	peak inside corrected cluster	704	Ignore	848	0.872458587472255	0.450668622762965
Memorize_minus_Ignore	Memorize - Ignore	F9	peak inside corrected cluster	704	Ignore	856	0.689757405995176	0.374611658753983
Memorize_minus_Ignore	Memorize - Ignore	F9	peak inside corrected cluster	704	Ignore	864	0.397203216185937	0.312440843744704
Memorize_minus_Ignore	Memorize - Ignore	F9	peak inside corrected cluster	704	Ignore	872	0.251845366679705	0.298227363692993
Memorize_minus_Ignore	Memorize - Ignore	F9	peak inside corrected cluster	704	Ignore	880	0.232943368645815	0.279713928398945
Memorize_minus_Ignore	Memorize - Ignore	F9	peak inside corrected cluster	704	Ignore	888	0.265406682514227	0.282222114779477
Memorize_minus_Ignore	Memorize - Ignore	F9	peak inside corrected cluster	704	Ignore	896	0.289395964489533	0.250075225486254
Memorize_minus_Ignore	Memorize - Ignore	F9	peak inside corrected cluster	704	Ignore	904	0.216722058562132	0.252972916601084
Memorize_minus_Ignore	Memorize - Ignore	F9	peak inside corrected cluster	704	Ignore	912	0.239110440015793	0.243442686060206
Memorize_minus_Ignore	Memorize - Ignore	F9	peak inside corrected cluster	704	Ignore	920	0.403551345261244	0.258400940331799
Memorize_minus_Ignore	Memorize - Ignore	F9	peak inside corrected cluster	704	Ignore	928	0.385022824630141	0.292761379570975
Memorize_minus_Ignore	Memorize - Ignore	F9	peak inside corrected cluster	704	Ignore	936	0.369371691145576	0.270830953138089
Memorize_minus_Ignore	Memorize - Ignore	F9	peak inside corrected cluster	704	Ignore	944	0.410093582306917	0.261704841000985
Memorize_minus_Ignore	Memorize - Ignore	F9	peak inside corrected cluster	704	Ignore	952	0.239831091406254	0.271116418437165
Memorize_minus_Ignore	Memorize - Ignore	F9	peak inside corrected cluster	704	Ignore	960	0.124605355354456	0.304386889064834
Memorize_minus_Ignore	Memorize - Ignore	F9	peak inside corrected cluster	704	Ignore	968	-0.100226888289818	0.339747492410436
Memorize_minus_Ignore	Memorize - Ignore	F9	peak inside corrected cluster	704	Ignore	976	-0.0895148905423971	0.370683919693571
Memorize_minus_Ignore	Memorize - Ignore	F9	peak inside corrected cluster	704	Ignore	984	0.0347231918802628	0.245364218073219
Memorize_minus_Ignore	Memorize - Ignore	F9	peak inside corrected cluster	704	Ignore	992	-0.215976669238164	0.386778813272241
Memorize_minus_Ignore	Memorize - Ignore	F9	peak inside corrected cluster	704	Ignore	1000	0.0762580799368712	0.296917007337578
Probe_minus_Memorize	Probe - Memorize	PO4	peak inside corrected cluster	616	Probe	-200	1.70297822528161	0.47106993374671
Probe_minus_Memorize	Probe - Memorize	PO4	peak inside corrected cluster	616	Probe	-192	1.33865375874134	0.553985270278785
Probe_minus_Memorize	Probe - Memorize	PO4	peak inside corrected cluster	616	Probe	-184	0.98402840586809	0.350125869427852
Probe_minus_Memorize	Probe - Memorize	PO4	peak inside corrected cluster	616	Probe	-176	0.516745891708594	0.488985212783297
Probe_minus_Memorize	Probe - Memorize	PO4	peak inside corrected cluster	616	Probe	-168	0.01709195627616	0.395996871702714
Probe_minus_Memorize	Probe - Memorize	PO4	peak inside corrected cluster	616	Probe	-160	0.240405415113156	0.384712079299554
Probe_minus_Memorize	Probe - Memorize	PO4	peak inside corrected cluster	616	Probe	-152	0.68940632756298	0.388191894886572
Probe_minus_Memorize	Probe - Memorize	PO4	peak inside corrected cluster	616	Probe	-144	0.864145831706432	0.418478260885152
Probe_minus_Memorize	Probe - Memorize	PO4	peak inside corrected cluster	616	Probe	-136	0.807675298769027	0.316137707037723
Probe_minus_Memorize	Probe - Memorize	PO4	peak inside corrected cluster	616	Probe	-128	0.899198110287006	0.429494945429114
Probe_minus_Memorize	Probe - Memorize	PO4	peak inside corrected cluster	616	Probe	-120	0.950237757884539	0.642512589435352
Probe_minus_Memorize	Probe - Memorize	PO4	peak inside corrected cluster	616	Probe	-112	0.738368503176249	0.538118753560967
Probe_minus_Memorize	Probe - Memorize	PO4	peak inside corrected cluster	616	Probe	-104	0.328101005691748	0.398217347504094
Probe_minus_Memorize	Probe - Memorize	PO4	peak inside corrected cluster	616	Probe	-96	-0.0331209370723137	0.412452589368269
Probe_minus_Memorize	Probe - Memorize	PO4	peak inside corrected cluster	616	Probe	-88	-0.444783442295515	0.457231795076228
Probe_minus_Memorize	Probe - Memorize	PO4	peak inside corrected cluster	616	Probe	-80	-0.650916791879214	0.380524083122192
Probe_minus_Memorize	Probe - Memorize	PO4	peak inside corrected cluster	616	Probe	-72	-0.861808215196316	0.344148215330691
Probe_minus_Memorize	Probe - Memorize	PO4	peak inside corrected cluster	616	Probe	-64	-1.24434519387209	0.403218413040497
Probe_minus_Memorize	Probe - Memorize	PO4	peak inside corrected cluster	616	Probe	-56	-1.01878611628826	0.380425415871693
Probe_minus_Memorize	Probe - Memorize	PO4	peak inside corrected cluster	616	Probe	-48	-1.00071162902392	0.324407176208494
Probe_minus_Memorize	Probe - Memorize	PO4	peak inside corrected cluster	616	Probe	-40	-1.41041707075559	0.522166842321702
Probe_minus_Memorize	Probe - Memorize	PO4	peak inside corrected cluster	616	Probe	-32	-1.4000895848641	0.677700460304803
Probe_minus_Memorize	Probe - Memorize	PO4	peak inside corrected cluster	616	Probe	-24	-1.15353183391003	0.796803045326262
Probe_minus_Memorize	Probe - Memorize	PO4	peak inside corrected cluster	616	Probe	-16	-0.569791688368871	0.624881313250628
Probe_minus_Memorize	Probe - Memorize	PO4	peak inside corrected cluster	616	Probe	-8	-0.168642707169056	0.486185571549963
Probe_minus_Memorize	Probe - Memorize	PO4	peak inside corrected cluster	616	Probe	0	-0.120091264064495	0.492745480178882
Probe_minus_Memorize	Probe - Memorize	PO4	peak inside corrected cluster	616	Probe	8	0.200932288399109	0.484882087650154
Probe_minus_Memorize	Probe - Memorize	PO4	peak inside corrected cluster	616	Probe	16	0.28528504861662	0.487070244924574
Probe_minus_Memorize	Probe - Memorize	PO4	peak inside corrected cluster	616	Probe	24	0.226012240235622	0.554638559338729
Probe_minus_Memorize	Probe - Memorize	PO4	peak inside corrected cluster	616	Probe	32	0.505288310922109	0.62628108725289
Probe_minus_Memorize	Probe - Memorize	PO4	peak inside corrected cluster	616	Probe	40	1.09593109213389	0.675821795975525
Probe_minus_Memorize	Probe - Memorize	PO4	peak inside corrected cluster	616	Probe	48	1.55370946572377	0.684638041918176
Probe_minus_Memorize	Probe - Memorize	PO4	peak inside corrected cluster	616	Probe	56	1.89437497579134	0.718301364208133
Probe_minus_Memorize	Probe - Memorize	PO4	peak inside corrected cluster	616	Probe	64	2.25549455904044	0.912864342777669
Probe_minus_Memorize	Probe - Memorize	PO4	peak inside corrected cluster	616	Probe	72	2.21758341559997	0.847109599817569
Probe_minus_Memorize	Probe - Memorize	PO4	peak inside corrected cluster	616	Probe	80	2.533704892374	0.744595954261953
Probe_minus_Memorize	Probe - Memorize	PO4	peak inside corrected cluster	616	Probe	88	3.02479167167957	0.765701885468718
Probe_minus_Memorize	Probe - Memorize	PO4	peak inside corrected cluster	616	Probe	96	2.88058418264756	0.962030116060167
Probe_minus_Memorize	Probe - Memorize	PO4	peak inside corrected cluster	616	Probe	104	2.25711209498919	1.17817233501717
Probe_minus_Memorize	Probe - Memorize	PO4	peak inside corrected cluster	616	Probe	112	1.18908352806018	1.43454927356523
Probe_minus_Memorize	Probe - Memorize	PO4	peak inside corrected cluster	616	Probe	120	0.382744945012606	1.55327910501087
Probe_minus_Memorize	Probe - Memorize	PO4	peak inside corrected cluster	616	Probe	128	-0.285564995729006	1.37224902447146
Probe_minus_Memorize	Probe - Memorize	PO4	peak inside corrected cluster	616	Probe	136	-0.52531632494468	1.09748575328701
Probe_minus_Memorize	Probe - Memorize	PO4	peak inside corrected cluster	616	Probe	144	-0.521368100092961	0.926962735130494
Probe_minus_Memorize	Probe - Memorize	PO4	peak inside corrected cluster	616	Probe	152	-0.784517135184545	0.847252829136468
Probe_minus_Memorize	Probe - Memorize	PO4	peak inside corrected cluster	616	Probe	160	-0.704720694285173	0.840667358940173
Probe_minus_Memorize	Probe - Memorize	PO4	peak inside corrected cluster	616	Probe	168	-0.306831980553957	0.88793098676467
Probe_minus_Memorize	Probe - Memorize	PO4	peak inside corrected cluster	616	Probe	176	0.190646691964223	0.909508564290974
Probe_minus_Memorize	Probe - Memorize	PO4	peak inside corrected cluster	616	Probe	184	0.956156229743591	0.790740431731928
Probe_minus_Memorize	Probe - Memorize	PO4	peak inside corrected cluster	616	Probe	192	1.59635861791097	0.827095452169527
Probe_minus_Memorize	Probe - Memorize	PO4	peak inside corrected cluster	616	Probe	200	1.39940440654755	0.840834556134713
Probe_minus_Memorize	Probe - Memorize	PO4	peak inside corrected cluster	616	Probe	208	1.5190513248627	0.639175494057822
Probe_minus_Memorize	Probe - Memorize	PO4	peak inside corrected cluster	616	Probe	216	1.88070069769254	0.657428261107353
Probe_minus_Memorize	Probe - Memorize	PO4	peak inside corrected cluster	616	Probe	224	1.82163069397211	0.711801650720577
Probe_minus_Memorize	Probe - Memorize	PO4	peak inside corrected cluster	616	Probe	232	1.94177720523798	0.580628109025839
Probe_minus_Memorize	Probe - Memorize	PO4	peak inside corrected cluster	616	Probe	240	2.0222985710089	0.611025555480249
Probe_minus_Memorize	Probe - Memorize	PO4	peak inside corrected cluster	616	Probe	248	2.19893578382639	0.592688122239487
Probe_minus_Memorize	Probe - Memorize	PO4	peak inside corrected cluster	616	Probe	256	2.41171982168005	0.65027517614446
Probe_minus_Memorize	Probe - Memorize	PO4	peak inside corrected cluster	616	Probe	264	2.51615902351645	0.671388191531425
Probe_minus_Memorize	Probe - Memorize	PO4	peak inside corrected cluster	616	Probe	272	3.03886199914492	0.779363057619548
Probe_minus_Memorize	Probe - Memorize	PO4	peak inside corrected cluster	616	Probe	280	3.19765837490559	0.86713331269325
Probe_minus_Memorize	Probe - Memorize	PO4	peak inside corrected cluster	616	Probe	288	2.92780104623391	0.761342181431636
Probe_minus_Memorize	Probe - Memorize	PO4	peak inside corrected cluster	616	Probe	296	2.87130425297297	0.517702653008632
Probe_minus_Memorize	Probe - Memorize	PO4	peak inside corrected cluster	616	Probe	304	2.74905543143933	0.474180119040481
Probe_minus_Memorize	Probe - Memorize	PO4	peak inside corrected cluster	616	Probe	312	2.19206604820031	0.506862698308232
Probe_minus_Memorize	Probe - Memorize	PO4	peak inside corrected cluster	616	Probe	320	1.93824365505805	0.608771546683409
Probe_minus_Memorize	Probe - Memorize	PO4	peak inside corrected cluster	616	Probe	328	2.06553469598293	0.610766492555988
Probe_minus_Memorize	Probe - Memorize	PO4	peak inside corrected cluster	616	Probe	336	1.48672444545306	0.678833218409657
Probe_minus_Memorize	Probe - Memorize	PO4	peak inside corrected cluster	616	Probe	344	1.26971257420687	0.669084357554499
Probe_minus_Memorize	Probe - Memorize	PO4	peak inside corrected cluster	616	Probe	352	1.62409274853193	0.667905909117411
Probe_minus_Memorize	Probe - Memorize	PO4	peak inside corrected cluster	616	Probe	360	1.60035681266051	0.6078480199124
Probe_minus_Memorize	Probe - Memorize	PO4	peak inside corrected cluster	616	Probe	368	1.55268374200051	0.561276014844015
Probe_minus_Memorize	Probe - Memorize	PO4	peak inside corrected cluster	616	Probe	376	1.90808156361947	0.740884351867956
Probe_minus_Memorize	Probe - Memorize	PO4	peak inside corrected cluster	616	Probe	384	2.21620432230142	0.897364303417518
Probe_minus_Memorize	Probe - Memorize	PO4	peak inside corrected cluster	616	Probe	392	1.84133338011228	0.669827605074178
Probe_minus_Memorize	Probe - Memorize	PO4	peak inside corrected cluster	616	Probe	400	1.38284122485381	0.469075241937788
Probe_minus_Memorize	Probe - Memorize	PO4	peak inside corrected cluster	616	Probe	408	1.24183591569845	0.458680213810792
Probe_minus_Memorize	Probe - Memorize	PO4	peak inside corrected cluster	616	Probe	416	1.2560076932781	0.471142155431134
Probe_minus_Memorize	Probe - Memorize	PO4	peak inside corrected cluster	616	Probe	424	1.15287124996002	0.408034475447589
Probe_minus_Memorize	Probe - Memorize	PO4	peak inside corrected cluster	616	Probe	432	1.00266685279516	0.374161497776994
Probe_minus_Memorize	Probe - Memorize	PO4	peak inside corrected cluster	616	Probe	440	1.26945191507156	0.568765195346603
Probe_minus_Memorize	Probe - Memorize	PO4	peak inside corrected cluster	616	Probe	448	1.5406902306355	0.613325702246923
Probe_minus_Memorize	Probe - Memorize	PO4	peak inside corrected cluster	616	Probe	456	1.5162541745947	0.590642274526821
Probe_minus_Memorize	Probe - Memorize	PO4	peak inside corrected cluster	616	Probe	464	1.38317793321151	0.624444800674187
Probe_minus_Memorize	Probe - Memorize	PO4	peak inside corrected cluster	616	Probe	472	1.59674891370993	0.667970691295226
Probe_minus_Memorize	Probe - Memorize	PO4	peak inside corrected cluster	616	Probe	480	1.70542557422931	0.494330753400021
Probe_minus_Memorize	Probe - Memorize	PO4	peak inside corrected cluster	616	Probe	488	1.67317251058725	0.471077433760836
Probe_minus_Memorize	Probe - Memorize	PO4	peak inside corrected cluster	616	Probe	496	1.85250448951354	0.438503327262474
Probe_minus_Memorize	Probe - Memorize	PO4	peak inside corrected cluster	616	Probe	504	1.90552833905587	0.291080598213468
Probe_minus_Memorize	Probe - Memorize	PO4	peak inside corrected cluster	616	Probe	512	2.22368713181752	0.385331509537052
Probe_minus_Memorize	Probe - Memorize	PO4	peak inside corrected cluster	616	Probe	520	2.4375617057085	0.320820942929276
Probe_minus_Memorize	Probe - Memorize	PO4	peak inside corrected cluster	616	Probe	528	2.27119612693787	0.291613333325414
Probe_minus_Memorize	Probe - Memorize	PO4	peak inside corrected cluster	616	Probe	536	2.23794871912553	0.481722264458019
Probe_minus_Memorize	Probe - Memorize	PO4	peak inside corrected cluster	616	Probe	544	1.86596774367186	0.550079839763688
Probe_minus_Memorize	Probe - Memorize	PO4	peak inside corrected cluster	616	Probe	552	1.69964740941158	0.444513764977477
Probe_minus_Memorize	Probe - Memorize	PO4	peak inside corrected cluster	616	Probe	560	1.93099140863006	0.650164826399452
Probe_minus_Memorize	Probe - Memorize	PO4	peak inside corrected cluster	616	Probe	568	1.72180195811849	0.658581890161704
Probe_minus_Memorize	Probe - Memorize	PO4	peak inside corrected cluster	616	Probe	576	1.71232013289745	0.532779742433891
Probe_minus_Memorize	Probe - Memorize	PO4	peak inside corrected cluster	616	Probe	584	1.75773380295588	0.598872971918766
Probe_minus_Memorize	Probe - Memorize	PO4	peak inside corrected cluster	616	Probe	592	1.64438653006577	0.614695165611831
Probe_minus_Memorize	Probe - Memorize	PO4	peak inside corrected cluster	616	Probe	600	1.24384543414299	0.305398932115201
Probe_minus_Memorize	Probe - Memorize	PO4	peak inside corrected cluster	616	Probe	608	1.07472023826379	0.250354745560809
Probe_minus_Memorize	Probe - Memorize	PO4	peak inside corrected cluster	616	Probe	616	1.56756683725577	0.302473320295115
Probe_minus_Memorize	Probe - Memorize	PO4	peak inside corrected cluster	616	Probe	624	1.40620713093533	0.487528701838828
Probe_minus_Memorize	Probe - Memorize	PO4	peak inside corrected cluster	616	Probe	632	1.11024611844466	0.197714383573062
Probe_minus_Memorize	Probe - Memorize	PO4	peak inside corrected cluster	616	Probe	640	1.04015473219065	0.250231964823987
Probe_minus_Memorize	Probe - Memorize	PO4	peak inside corrected cluster	616	Probe	648	0.68086757338964	0.258854298491449
Probe_minus_Memorize	Probe - Memorize	PO4	peak inside corrected cluster	616	Probe	656	0.759424592457855	0.26322770676321
Probe_minus_Memorize	Probe - Memorize	PO4	peak inside corrected cluster	616	Probe	664	0.78711385338997	0.246384262358939
Probe_minus_Memorize	Probe - Memorize	PO4	peak inside corrected cluster	616	Probe	672	0.534576241786663	0.250841463957769
Probe_minus_Memorize	Probe - Memorize	PO4	peak inside corrected cluster	616	Probe	680	0.475843455355901	0.342519911221574
Probe_minus_Memorize	Probe - Memorize	PO4	peak inside corrected cluster	616	Probe	688	0.645357785889736	0.331117596314572
Probe_minus_Memorize	Probe - Memorize	PO4	peak inside corrected cluster	616	Probe	696	0.921429781959607	0.32899438622179
Probe_minus_Memorize	Probe - Memorize	PO4	peak inside corrected cluster	616	Probe	704	0.952334839564103	0.313740823456648
Probe_minus_Memorize	Probe - Memorize	PO4	peak inside corrected cluster	616	Probe	712	0.808684101758095	0.327029167640734
Probe_minus_Memorize	Probe - Memorize	PO4	peak inside corrected cluster	616	Probe	720	0.776814906642987	0.349965547237428
Probe_minus_Memorize	Probe - Memorize	PO4	peak inside corrected cluster	616	Probe	728	0.752966785660157	0.313514056550356
Probe_minus_Memorize	Probe - Memorize	PO4	peak inside corrected cluster	616	Probe	736	0.436047466615072	0.394727412791416
Probe_minus_Memorize	Probe - Memorize	PO4	peak inside corrected cluster	616	Probe	744	0.354734855202528	0.462588926106848
Probe_minus_Memorize	Probe - Memorize	PO4	peak inside corrected cluster	616	Probe	752	0.3229525914559	0.371209680726771
Probe_minus_Memorize	Probe - Memorize	PO4	peak inside corrected cluster	616	Probe	760	0.02412389863569	0.254826536022138
Probe_minus_Memorize	Probe - Memorize	PO4	peak inside corrected cluster	616	Probe	768	0.220473990130883	0.210424997955723
Probe_minus_Memorize	Probe - Memorize	PO4	peak inside corrected cluster	616	Probe	776	0.485929268483932	0.318467480035786
Probe_minus_Memorize	Probe - Memorize	PO4	peak inside corrected cluster	616	Probe	784	0.338065701608474	0.296222711040143
Probe_minus_Memorize	Probe - Memorize	PO4	peak inside corrected cluster	616	Probe	792	0.387657408674176	0.280356389288581
Probe_minus_Memorize	Probe - Memorize	PO4	peak inside corrected cluster	616	Probe	800	0.662931995466352	0.358872561855306
Probe_minus_Memorize	Probe - Memorize	PO4	peak inside corrected cluster	616	Probe	808	0.65299137466802	0.464038932345118
Probe_minus_Memorize	Probe - Memorize	PO4	peak inside corrected cluster	616	Probe	816	0.533291936207276	0.47102045786693
Probe_minus_Memorize	Probe - Memorize	PO4	peak inside corrected cluster	616	Probe	824	0.875747513599121	0.486626774092079
Probe_minus_Memorize	Probe - Memorize	PO4	peak inside corrected cluster	616	Probe	832	0.483501070967087	0.65180064024093
Probe_minus_Memorize	Probe - Memorize	PO4	peak inside corrected cluster	616	Probe	840	-0.343357705439513	0.780281880840095
Probe_minus_Memorize	Probe - Memorize	PO4	peak inside corrected cluster	616	Probe	848	-0.121002771533453	0.43190912090421
Probe_minus_Memorize	Probe - Memorize	PO4	peak inside corrected cluster	616	Probe	856	0.384529242148766	0.429520196976523
Probe_minus_Memorize	Probe - Memorize	PO4	peak inside corrected cluster	616	Probe	864	0.558959183784632	0.330957103029355
Probe_minus_Memorize	Probe - Memorize	PO4	peak inside corrected cluster	616	Probe	872	0.563284241236173	0.362878664978062
Probe_minus_Memorize	Probe - Memorize	PO4	peak inside corrected cluster	616	Probe	880	0.487854234301127	0.514920288335165
Probe_minus_Memorize	Probe - Memorize	PO4	peak inside corrected cluster	616	Probe	888	0.464035002944561	0.568905149872555
Probe_minus_Memorize	Probe - Memorize	PO4	peak inside corrected cluster	616	Probe	896	0.554471915731063	0.654784693697593
Probe_minus_Memorize	Probe - Memorize	PO4	peak inside corrected cluster	616	Probe	904	0.382569858661065	0.542345958152275
Probe_minus_Memorize	Probe - Memorize	PO4	peak inside corrected cluster	616	Probe	912	0.19674522544329	0.485406737605169
Probe_minus_Memorize	Probe - Memorize	PO4	peak inside corrected cluster	616	Probe	920	0.615766385426888	0.34542904779921
Probe_minus_Memorize	Probe - Memorize	PO4	peak inside corrected cluster	616	Probe	928	0.755836375630819	0.447805737158088
Probe_minus_Memorize	Probe - Memorize	PO4	peak inside corrected cluster	616	Probe	936	0.62815256187549	0.434144524160457
Probe_minus_Memorize	Probe - Memorize	PO4	peak inside corrected cluster	616	Probe	944	0.907802738822423	0.353674021108028
Probe_minus_Memorize	Probe - Memorize	PO4	peak inside corrected cluster	616	Probe	952	0.958855191675516	0.362745335508843
Probe_minus_Memorize	Probe - Memorize	PO4	peak inside corrected cluster	616	Probe	960	1.03429159149528	0.491643642245628
Probe_minus_Memorize	Probe - Memorize	PO4	peak inside corrected cluster	616	Probe	968	1.46003369528514	0.451743929278252
Probe_minus_Memorize	Probe - Memorize	PO4	peak inside corrected cluster	616	Probe	976	1.6773639914508	0.361050143171061
Probe_minus_Memorize	Probe - Memorize	PO4	peak inside corrected cluster	616	Probe	984	1.31289098125238	0.315144261772095
Probe_minus_Memorize	Probe - Memorize	PO4	peak inside corrected cluster	616	Probe	992	1.10679562447163	0.524486998053049
Probe_minus_Memorize	Probe - Memorize	PO4	peak inside corrected cluster	616	Probe	1000	1.07595240568312	0.518382571386374
Probe_minus_Memorize	Probe - Memorize	PO4	peak inside corrected cluster	616	Memorize	-200	1.17347358167171	0.219778267145898
Probe_minus_Memorize	Probe - Memorize	PO4	peak inside corrected cluster	616	Memorize	-192	1.11136532059083	0.250442292092269
Probe_minus_Memorize	Probe - Memorize	PO4	peak inside corrected cluster	616	Memorize	-184	0.963648202327582	0.279344612800249
Probe_minus_Memorize	Probe - Memorize	PO4	peak inside corrected cluster	616	Memorize	-176	1.00502432653537	0.317813528350729
Probe_minus_Memorize	Probe - Memorize	PO4	peak inside corrected cluster	616	Memorize	-168	0.764895319365538	0.336890936942826
Probe_minus_Memorize	Probe - Memorize	PO4	peak inside corrected cluster	616	Memorize	-160	0.579048690887598	0.379637088414982
Probe_minus_Memorize	Probe - Memorize	PO4	peak inside corrected cluster	616	Memorize	-152	0.654806300567893	0.41614767401121
Probe_minus_Memorize	Probe - Memorize	PO4	peak inside corrected cluster	616	Memorize	-144	0.538036688589133	0.488809150290152
Probe_minus_Memorize	Probe - Memorize	PO4	peak inside corrected cluster	616	Memorize	-136	0.389613670798448	0.529058027643975
Probe_minus_Memorize	Probe - Memorize	PO4	peak inside corrected cluster	616	Memorize	-128	0.318424596236302	0.404625671870529
Probe_minus_Memorize	Probe - Memorize	PO4	peak inside corrected cluster	616	Memorize	-120	0.0475969561017477	0.202112025533391
Probe_minus_Memorize	Probe - Memorize	PO4	peak inside corrected cluster	616	Memorize	-112	-0.546799300954892	0.32204970470038
Probe_minus_Memorize	Probe - Memorize	PO4	peak inside corrected cluster	616	Memorize	-104	-0.777874100380219	0.41940431764872
Probe_minus_Memorize	Probe - Memorize	PO4	peak inside corrected cluster	616	Memorize	-96	-0.574675463713132	0.3393927816797
Probe_minus_Memorize	Probe - Memorize	PO4	peak inside corrected cluster	616	Memorize	-88	-0.448352323128627	0.380852978599434
Probe_minus_Memorize	Probe - Memorize	PO4	peak inside corrected cluster	616	Memorize	-80	-0.326200964359137	0.338530295782952
Probe_minus_Memorize	Probe - Memorize	PO4	peak inside corrected cluster	616	Memorize	-72	-0.4626285932385	0.298971277677775
Probe_minus_Memorize	Probe - Memorize	PO4	peak inside corrected cluster	616	Memorize	-64	-0.590085695569332	0.272644837891457
Probe_minus_Memorize	Probe - Memorize	PO4	peak inside corrected cluster	616	Memorize	-56	-0.660086828928727	0.338937322685404
Probe_minus_Memorize	Probe - Memorize	PO4	peak inside corrected cluster	616	Memorize	-48	-0.81462582716575	0.393245496425586
Probe_minus_Memorize	Probe - Memorize	PO4	peak inside corrected cluster	616	Memorize	-40	-0.858027548744128	0.414313158011586
Probe_minus_Memorize	Probe - Memorize	PO4	peak inside corrected cluster	616	Memorize	-32	-0.61141560283991	0.408366224331959
Probe_minus_Memorize	Probe - Memorize	PO4	peak inside corrected cluster	616	Memorize	-24	-0.350322004694205	0.469506947799068
Probe_minus_Memorize	Probe - Memorize	PO4	peak inside corrected cluster	616	Memorize	-16	-0.315833560549296	0.546062678345629
Probe_minus_Memorize	Probe - Memorize	PO4	peak inside corrected cluster	616	Memorize	-8	-0.178453978437644	0.511000887796449
Probe_minus_Memorize	Probe - Memorize	PO4	peak inside corrected cluster	616	Memorize	0	-0.0305518060922623	0.448445190100404
Probe_minus_Memorize	Probe - Memorize	PO4	peak inside corrected cluster	616	Memorize	8	-0.0293347021708122	0.406167597538298
Probe_minus_Memorize	Probe - Memorize	PO4	peak inside corrected cluster	616	Memorize	16	-0.0567372148999801	0.34914825208791
Probe_minus_Memorize	Probe - Memorize	PO4	peak inside corrected cluster	616	Memorize	24	-0.0360715664350069	0.368150839761163
Probe_minus_Memorize	Probe - Memorize	PO4	peak inside corrected cluster	616	Memorize	32	0.0466280997945712	0.388733606961527
Probe_minus_Memorize	Probe - Memorize	PO4	peak inside corrected cluster	616	Memorize	40	0.328094270366889	0.375308615327494
Probe_minus_Memorize	Probe - Memorize	PO4	peak inside corrected cluster	616	Memorize	48	0.404895595059945	0.520664026214541
Probe_minus_Memorize	Probe - Memorize	PO4	peak inside corrected cluster	616	Memorize	56	0.873220552045565	0.59043025500166
Probe_minus_Memorize	Probe - Memorize	PO4	peak inside corrected cluster	616	Memorize	64	2.05048154065242	0.757459669862583
Probe_minus_Memorize	Probe - Memorize	PO4	peak inside corrected cluster	616	Memorize	72	2.31601060583041	0.762975195725852
Probe_minus_Memorize	Probe - Memorize	PO4	peak inside corrected cluster	616	Memorize	80	2.4470610160094	0.659585644333559
Probe_minus_Memorize	Probe - Memorize	PO4	peak inside corrected cluster	616	Memorize	88	2.84470988924687	0.771552416350341
Probe_minus_Memorize	Probe - Memorize	PO4	peak inside corrected cluster	616	Memorize	96	2.18735792545172	0.87206565396537
Probe_minus_Memorize	Probe - Memorize	PO4	peak inside corrected cluster	616	Memorize	104	1.31871683895588	1.10627514113553
Probe_minus_Memorize	Probe - Memorize	PO4	peak inside corrected cluster	616	Memorize	112	0.392876996443822	1.32877826693745
Probe_minus_Memorize	Probe - Memorize	PO4	peak inside corrected cluster	616	Memorize	120	-0.408180131362035	1.34455167382619
Probe_minus_Memorize	Probe - Memorize	PO4	peak inside corrected cluster	616	Memorize	128	-0.938818474228565	1.28304179572549
Probe_minus_Memorize	Probe - Memorize	PO4	peak inside corrected cluster	616	Memorize	136	-1.1530809035668	1.10418301245623
Probe_minus_Memorize	Probe - Memorize	PO4	peak inside corrected cluster	616	Memorize	144	-1.14458946400555	0.883576854915734
Probe_minus_Memorize	Probe - Memorize	PO4	peak inside corrected cluster	616	Memorize	152	-1.44904179756458	0.663877557496305
Probe_minus_Memorize	Probe - Memorize	PO4	peak inside corrected cluster	616	Memorize	160	-1.37252450906313	0.599662889224221
Probe_minus_Memorize	Probe - Memorize	PO4	peak inside corrected cluster	616	Memorize	168	-0.907656179024623	0.611561307859598
Probe_minus_Memorize	Probe - Memorize	PO4	peak inside corrected cluster	616	Memorize	176	-0.455725977627131	0.641360760623514
Probe_minus_Memorize	Probe - Memorize	PO4	peak inside corrected cluster	616	Memorize	184	0.203608072721041	0.612671110460085
Probe_minus_Memorize	Probe - Memorize	PO4	peak inside corrected cluster	616	Memorize	192	0.966929878609685	0.622418104140799
Probe_minus_Memorize	Probe - Memorize	PO4	peak inside corrected cluster	616	Memorize	200	1.44016809045122	0.660443343790673
Probe_minus_Memorize	Probe - Memorize	PO4	peak inside corrected cluster	616	Memorize	208	1.93003041813007	0.688404309017009
Probe_minus_Memorize	Probe - Memorize	PO4	peak inside corrected cluster	616	Memorize	216	2.40814034887948	0.682043817430657
Probe_minus_Memorize	Probe - Memorize	PO4	peak inside corrected cluster	616	Memorize	224	2.65425121096464	0.649934429830098
Probe_minus_Memorize	Probe - Memorize	PO4	peak inside corrected cluster	616	Memorize	232	2.82115444440681	0.611246576311664
Probe_minus_Memorize	Probe - Memorize	PO4	peak inside corrected cluster	616	Memorize	240	2.94498881124533	0.584747880687925
Probe_minus_Memorize	Probe - Memorize	PO4	peak inside corrected cluster	616	Memorize	248	2.9686447851933	0.590449713844723
Probe_minus_Memorize	Probe - Memorize	PO4	peak inside corrected cluster	616	Memorize	256	3.09539641554539	0.603265063148584
Probe_minus_Memorize	Probe - Memorize	PO4	peak inside corrected cluster	616	Memorize	264	3.34940237723864	0.656114516403032
Probe_minus_Memorize	Probe - Memorize	PO4	peak inside corrected cluster	616	Memorize	272	3.65918498772841	0.733594293175705
Probe_minus_Memorize	Probe - Memorize	PO4	peak inside corrected cluster	616	Memorize	280	3.9690026136545	0.773748702383291
Probe_minus_Memorize	Probe - Memorize	PO4	peak inside corrected cluster	616	Memorize	288	4.13257077107063	0.754365034506201
Probe_minus_Memorize	Probe - Memorize	PO4	peak inside corrected cluster	616	Memorize	296	4.25183315460499	0.690204787782096
Probe_minus_Memorize	Probe - Memorize	PO4	peak inside corrected cluster	616	Memorize	304	4.168512738668	0.62122813917818
Probe_minus_Memorize	Probe - Memorize	PO4	peak inside corrected cluster	616	Memorize	312	3.81448101080381	0.588557310968392
Probe_minus_Memorize	Probe - Memorize	PO4	peak inside corrected cluster	616	Memorize	320	3.66881520014543	0.512082742938154
Probe_minus_Memorize	Probe - Memorize	PO4	peak inside corrected cluster	616	Memorize	328	3.59786946956928	0.515638705037676
Probe_minus_Memorize	Probe - Memorize	PO4	peak inside corrected cluster	616	Memorize	336	3.30101565214304	0.552848600050783
Probe_minus_Memorize	Probe - Memorize	PO4	peak inside corrected cluster	616	Memorize	344	3.07052623079373	0.519356286182644
Probe_minus_Memorize	Probe - Memorize	PO4	peak inside corrected cluster	616	Memorize	352	2.83349422308115	0.510341580131648
Probe_minus_Memorize	Probe - Memorize	PO4	peak inside corrected cluster	616	Memorize	360	2.64503763272212	0.502295217513568
Probe_minus_Memorize	Probe - Memorize	PO4	peak inside corrected cluster	616	Memorize	368	2.82505311415746	0.569998746196112
Probe_minus_Memorize	Probe - Memorize	PO4	peak inside corrected cluster	616	Memorize	376	2.91614023538736	0.557691749962129
Probe_minus_Memorize	Probe - Memorize	PO4	peak inside corrected cluster	616	Memorize	384	2.67701079295232	0.566224384898607
Probe_minus_Memorize	Probe - Memorize	PO4	peak inside corrected cluster	616	Memorize	392	2.56770226359367	0.623793317714012
Probe_minus_Memorize	Probe - Memorize	PO4	peak inside corrected cluster	616	Memorize	400	2.43308425752016	0.618071386933406
Probe_minus_Memorize	Probe - Memorize	PO4	peak inside corrected cluster	616	Memorize	408	2.10007492854045	0.605290677561805
Probe_minus_Memorize	Probe - Memorize	PO4	peak inside corrected cluster	616	Memorize	416	1.79452043313247	0.561566740575397
Probe_minus_Memorize	Probe - Memorize	PO4	peak inside corrected cluster	616	Memorize	424	1.5045741383846	0.498325060771189
Probe_minus_Memorize	Probe - Memorize	PO4	peak inside corrected cluster	616	Memorize	432	1.1977249240646	0.414464628509992
Probe_minus_Memorize	Probe - Memorize	PO4	peak inside corrected cluster	616	Memorize	440	1.00348172279505	0.367078271954695
Probe_minus_Memorize	Probe - Memorize	PO4	peak inside corrected cluster	616	Memorize	448	0.77541869191023	0.377202165425962
Probe_minus_Memorize	Probe - Memorize	PO4	peak inside corrected cluster	616	Memorize	456	0.606234513796293	0.373666845797928
Probe_minus_Memorize	Probe - Memorize	PO4	peak inside corrected cluster	616	Memorize	464	0.581213237001346	0.410001461269288
Probe_minus_Memorize	Probe - Memorize	PO4	peak inside corrected cluster	616	Memorize	472	0.54966998558778	0.427925822808026
Probe_minus_Memorize	Probe - Memorize	PO4	peak inside corrected cluster	616	Memorize	480	0.5050268471241	0.420571941759099
Probe_minus_Memorize	Probe - Memorize	PO4	peak inside corrected cluster	616	Memorize	488	0.407600251527933	0.408087404583886
Probe_minus_Memorize	Probe - Memorize	PO4	peak inside corrected cluster	616	Memorize	496	0.327632474211546	0.339329691856801
Probe_minus_Memorize	Probe - Memorize	PO4	peak inside corrected cluster	616	Memorize	504	0.400790481613233	0.338643788256189
Probe_minus_Memorize	Probe - Memorize	PO4	peak inside corrected cluster	616	Memorize	512	0.260755156095211	0.355297528431918
Probe_minus_Memorize	Probe - Memorize	PO4	peak inside corrected cluster	616	Memorize	520	0.0798998549580574	0.370156181955221
Probe_minus_Memorize	Probe - Memorize	PO4	peak inside corrected cluster	616	Memorize	528	0.097239100589202	0.314450892172272
Probe_minus_Memorize	Probe - Memorize	PO4	peak inside corrected cluster	616	Memorize	536	-0.0591384292795108	0.216313495894496
Probe_minus_Memorize	Probe - Memorize	PO4	peak inside corrected cluster	616	Memorize	544	-0.229306797568615	0.219388696362622
Probe_minus_Memorize	Probe - Memorize	PO4	peak inside corrected cluster	616	Memorize	552	-0.181002238622079	0.238276750440286
Probe_minus_Memorize	Probe - Memorize	PO4	peak inside corrected cluster	616	Memorize	560	-0.110636045153324	0.269233890313709
Probe_minus_Memorize	Probe - Memorize	PO4	peak inside corrected cluster	616	Memorize	568	-0.179573120110525	0.281337378677406
Probe_minus_Memorize	Probe - Memorize	PO4	peak inside corrected cluster	616	Memorize	576	-0.293077576618928	0.297913037030064
Probe_minus_Memorize	Probe - Memorize	PO4	peak inside corrected cluster	616	Memorize	584	-0.370020971955875	0.337061906946583
Probe_minus_Memorize	Probe - Memorize	PO4	peak inside corrected cluster	616	Memorize	592	-0.335441375867679	0.306472296553706
Probe_minus_Memorize	Probe - Memorize	PO4	peak inside corrected cluster	616	Memorize	600	-0.317821352241131	0.306958602340582
Probe_minus_Memorize	Probe - Memorize	PO4	peak inside corrected cluster	616	Memorize	608	-0.371961836631481	0.282974576974477
Probe_minus_Memorize	Probe - Memorize	PO4	peak inside corrected cluster	616	Memorize	616	-0.564150710518543	0.217626476162478
Probe_minus_Memorize	Probe - Memorize	PO4	peak inside corrected cluster	616	Memorize	624	-0.588254816257037	0.201575954096256
Probe_minus_Memorize	Probe - Memorize	PO4	peak inside corrected cluster	616	Memorize	632	-0.463199246101654	0.186592371586924
Probe_minus_Memorize	Probe - Memorize	PO4	peak inside corrected cluster	616	Memorize	640	-0.406845269581446	0.190876220093834
Probe_minus_Memorize	Probe - Memorize	PO4	peak inside corrected cluster	616	Memorize	648	-0.346165713782494	0.19393428772113
Probe_minus_Memorize	Probe - Memorize	PO4	peak inside corrected cluster	616	Memorize	656	-0.333210079142681	0.23046268886782
Probe_minus_Memorize	Probe - Memorize	PO4	peak inside corrected cluster	616	Memorize	664	-0.23634848686365	0.246494764310005
Probe_minus_Memorize	Probe - Memorize	PO4	peak inside corrected cluster	616	Memorize	672	-0.100342857723053	0.253221857664295
Probe_minus_Memorize	Probe - Memorize	PO4	peak inside corrected cluster	616	Memorize	680	-0.0204956746445252	0.253884912132409
Probe_minus_Memorize	Probe - Memorize	PO4	peak inside corrected cluster	616	Memorize	688	-0.0474405082372519	0.252470702778412
Probe_minus_Memorize	Probe - Memorize	PO4	peak inside corrected cluster	616	Memorize	696	-0.169930015905545	0.292658262959202
Probe_minus_Memorize	Probe - Memorize	PO4	peak inside corrected cluster	616	Memorize	704	-0.077380469498726	0.333933993162063
Probe_minus_Memorize	Probe - Memorize	PO4	peak inside corrected cluster	616	Memorize	712	-0.0748564374561493	0.348726782594568
Probe_minus_Memorize	Probe - Memorize	PO4	peak inside corrected cluster	616	Memorize	720	-0.141537191919409	0.284780608587189
Probe_minus_Memorize	Probe - Memorize	PO4	peak inside corrected cluster	616	Memorize	728	0.0164134978101804	0.144542271393938
Probe_minus_Memorize	Probe - Memorize	PO4	peak inside corrected cluster	616	Memorize	736	0.055318875095019	0.150013647160453
Probe_minus_Memorize	Probe - Memorize	PO4	peak inside corrected cluster	616	Memorize	744	0.149429945490108	0.170709026709991
Probe_minus_Memorize	Probe - Memorize	PO4	peak inside corrected cluster	616	Memorize	752	0.315530830277846	0.235418774374238
Probe_minus_Memorize	Probe - Memorize	PO4	peak inside corrected cluster	616	Memorize	760	0.482121526621855	0.334825915946816
Probe_minus_Memorize	Probe - Memorize	PO4	peak inside corrected cluster	616	Memorize	768	0.746103322921464	0.323723107657128
Probe_minus_Memorize	Probe - Memorize	PO4	peak inside corrected cluster	616	Memorize	776	0.881299377633975	0.317931030135292
Probe_minus_Memorize	Probe - Memorize	PO4	peak inside corrected cluster	616	Memorize	784	0.972697797876138	0.3488112513211
Probe_minus_Memorize	Probe - Memorize	PO4	peak inside corrected cluster	616	Memorize	792	1.05824018670962	0.302158651497617
Probe_minus_Memorize	Probe - Memorize	PO4	peak inside corrected cluster	616	Memorize	800	0.902019465198884	0.281444918543923
Probe_minus_Memorize	Probe - Memorize	PO4	peak inside corrected cluster	616	Memorize	808	0.902266727044032	0.283296433956437
Probe_minus_Memorize	Probe - Memorize	PO4	peak inside corrected cluster	616	Memorize	816	1.03649325525531	0.340770262344672
Probe_minus_Memorize	Probe - Memorize	PO4	peak inside corrected cluster	616	Memorize	824	1.08178523641366	0.386917235419809
Probe_minus_Memorize	Probe - Memorize	PO4	peak inside corrected cluster	616	Memorize	832	1.12190608221751	0.381902360615731
Probe_minus_Memorize	Probe - Memorize	PO4	peak inside corrected cluster	616	Memorize	840	1.19023105731377	0.334683082083274
Probe_minus_Memorize	Probe - Memorize	PO4	peak inside corrected cluster	616	Memorize	848	1.37295121728228	0.327595278810655
Probe_minus_Memorize	Probe - Memorize	PO4	peak inside corrected cluster	616	Memorize	856	1.67305215396202	0.376932002756963
Probe_minus_Memorize	Probe - Memorize	PO4	peak inside corrected cluster	616	Memorize	864	1.74248113483191	0.372672750398102
Probe_minus_Memorize	Probe - Memorize	PO4	peak inside corrected cluster	616	Memorize	872	1.69177214973248	0.348976656527859
Probe_minus_Memorize	Probe - Memorize	PO4	peak inside corrected cluster	616	Memorize	880	1.71128233579489	0.368925371454856
Probe_minus_Memorize	Probe - Memorize	PO4	peak inside corrected cluster	616	Memorize	888	1.72218028455973	0.334050805727142
Probe_minus_Memorize	Probe - Memorize	PO4	peak inside corrected cluster	616	Memorize	896	1.82969243996418	0.291918642195766
Probe_minus_Memorize	Probe - Memorize	PO4	peak inside corrected cluster	616	Memorize	904	1.9141636628371	0.297993647494286
Probe_minus_Memorize	Probe - Memorize	PO4	peak inside corrected cluster	616	Memorize	912	1.93294053123547	0.303691307865527
Probe_minus_Memorize	Probe - Memorize	PO4	peak inside corrected cluster	616	Memorize	920	1.85288774050199	0.321039701199067
Probe_minus_Memorize	Probe - Memorize	PO4	peak inside corrected cluster	616	Memorize	928	1.82412622983639	0.310285022567715
Probe_minus_Memorize	Probe - Memorize	PO4	peak inside corrected cluster	616	Memorize	936	1.91244602432618	0.339051840484262
Probe_minus_Memorize	Probe - Memorize	PO4	peak inside corrected cluster	616	Memorize	944	1.72584684307759	0.355585019668563
Probe_minus_Memorize	Probe - Memorize	PO4	peak inside corrected cluster	616	Memorize	952	1.44277654760159	0.291258296735899
Probe_minus_Memorize	Probe - Memorize	PO4	peak inside corrected cluster	616	Memorize	960	1.64953630245649	0.262218720853862
Probe_minus_Memorize	Probe - Memorize	PO4	peak inside corrected cluster	616	Memorize	968	1.76491771753018	0.323647455744162
Probe_minus_Memorize	Probe - Memorize	PO4	peak inside corrected cluster	616	Memorize	976	1.78298278955313	0.281423270154339
Probe_minus_Memorize	Probe - Memorize	PO4	peak inside corrected cluster	616	Memorize	984	2.00055503845215	0.32062764114489
Probe_minus_Memorize	Probe - Memorize	PO4	peak inside corrected cluster	616	Memorize	992	2.01703021159539	0.324323921480876
Probe_minus_Memorize	Probe - Memorize	PO4	peak inside corrected cluster	616	Memorize	1000	2.01532168571766	0.260527789597655
Probe_minus_Ignore	Probe - Ignore	CP1	peak inside corrected cluster	520	Probe	-200	1.57552124531223	0.595296909115246
Probe_minus_Ignore	Probe - Ignore	CP1	peak inside corrected cluster	520	Probe	-192	1.25676588886059	0.477483540736725
Probe_minus_Ignore	Probe - Ignore	CP1	peak inside corrected cluster	520	Probe	-184	0.733331094567592	0.22602416903866
Probe_minus_Ignore	Probe - Ignore	CP1	peak inside corrected cluster	520	Probe	-176	0.678977793655716	0.373063279294698
Probe_minus_Ignore	Probe - Ignore	CP1	peak inside corrected cluster	520	Probe	-168	0.620891595116028	0.486056931012297
Probe_minus_Ignore	Probe - Ignore	CP1	peak inside corrected cluster	520	Probe	-160	0.752533172185604	0.486825375388144
Probe_minus_Ignore	Probe - Ignore	CP1	peak inside corrected cluster	520	Probe	-152	1.03715414038071	0.427969502290353
Probe_minus_Ignore	Probe - Ignore	CP1	peak inside corrected cluster	520	Probe	-144	1.00744600983923	0.396237094014868
Probe_minus_Ignore	Probe - Ignore	CP1	peak inside corrected cluster	520	Probe	-136	0.670203294891577	0.354855792121048
Probe_minus_Ignore	Probe - Ignore	CP1	peak inside corrected cluster	520	Probe	-128	0.209015164237756	0.400428848118161
Probe_minus_Ignore	Probe - Ignore	CP1	peak inside corrected cluster	520	Probe	-120	-0.147230950112526	0.517860881511211
Probe_minus_Ignore	Probe - Ignore	CP1	peak inside corrected cluster	520	Probe	-112	-0.105986394561254	0.450009894835222
Probe_minus_Ignore	Probe - Ignore	CP1	peak inside corrected cluster	520	Probe	-104	-0.207371117976996	0.415573454148673
Probe_minus_Ignore	Probe - Ignore	CP1	peak inside corrected cluster	520	Probe	-96	-0.160571225847189	0.350769749961151
Probe_minus_Ignore	Probe - Ignore	CP1	peak inside corrected cluster	520	Probe	-88	0.0183457927061961	0.313676124179192
Probe_minus_Ignore	Probe - Ignore	CP1	peak inside corrected cluster	520	Probe	-80	-0.0301135926005932	0.47927819690331
Probe_minus_Ignore	Probe - Ignore	CP1	peak inside corrected cluster	520	Probe	-72	-0.0570077259953205	0.741997244993044
Probe_minus_Ignore	Probe - Ignore	CP1	peak inside corrected cluster	520	Probe	-64	-0.192368213947003	0.798938243679724
Probe_minus_Ignore	Probe - Ignore	CP1	peak inside corrected cluster	520	Probe	-56	-0.138842431040337	0.648819334684922
Probe_minus_Ignore	Probe - Ignore	CP1	peak inside corrected cluster	520	Probe	-48	-0.294492747348089	0.401721186483317
Probe_minus_Ignore	Probe - Ignore	CP1	peak inside corrected cluster	520	Probe	-40	-0.608603723920309	0.316876825904672
Probe_minus_Ignore	Probe - Ignore	CP1	peak inside corrected cluster	520	Probe	-32	-0.92844460102228	0.534098285030858
Probe_minus_Ignore	Probe - Ignore	CP1	peak inside corrected cluster	520	Probe	-24	-1.51825943589211	1.04973600295682
Probe_minus_Ignore	Probe - Ignore	CP1	peak inside corrected cluster	520	Probe	-16	-1.51667277629559	1.16600989552192
Probe_minus_Ignore	Probe - Ignore	CP1	peak inside corrected cluster	520	Probe	-8	-1.30902617596663	1.12948063795733
Probe_minus_Ignore	Probe - Ignore	CP1	peak inside corrected cluster	520	Probe	0	-1.3451943317285	0.926609109432933
Probe_minus_Ignore	Probe - Ignore	CP1	peak inside corrected cluster	520	Probe	8	-0.990212564284985	0.76677508366228
Probe_minus_Ignore	Probe - Ignore	CP1	peak inside corrected cluster	520	Probe	16	-0.682529344008519	0.626012385359464
Probe_minus_Ignore	Probe - Ignore	CP1	peak inside corrected cluster	520	Probe	24	-0.333484832770549	0.423361978168612
Probe_minus_Ignore	Probe - Ignore	CP1	peak inside corrected cluster	520	Probe	32	0.0379939623750173	0.688536877777127
Probe_minus_Ignore	Probe - Ignore	CP1	peak inside corrected cluster	520	Probe	40	-0.0978979731981571	0.723521384126048
Probe_minus_Ignore	Probe - Ignore	CP1	peak inside corrected cluster	520	Probe	48	-0.136855941552382	0.510426863383508
Probe_minus_Ignore	Probe - Ignore	CP1	peak inside corrected cluster	520	Probe	56	-0.335003303077358	0.382645085659681
Probe_minus_Ignore	Probe - Ignore	CP1	peak inside corrected cluster	520	Probe	64	-1.24816697520705	0.334151548283773
Probe_minus_Ignore	Probe - Ignore	CP1	peak inside corrected cluster	520	Probe	72	-1.87166520838554	0.707693315614743
Probe_minus_Ignore	Probe - Ignore	CP1	peak inside corrected cluster	520	Probe	80	-2.08251041747057	1.19926399579781
Probe_minus_Ignore	Probe - Ignore	CP1	peak inside corrected cluster	520	Probe	88	-2.27334533746426	1.57126795586403
Probe_minus_Ignore	Probe - Ignore	CP1	peak inside corrected cluster	520	Probe	96	-2.24167018211805	1.59134225222014
Probe_minus_Ignore	Probe - Ignore	CP1	peak inside corrected cluster	520	Probe	104	-1.92969970748975	1.49153600555319
Probe_minus_Ignore	Probe - Ignore	CP1	peak inside corrected cluster	520	Probe	112	-1.0915727523657	1.29938405081237
Probe_minus_Ignore	Probe - Ignore	CP1	peak inside corrected cluster	520	Probe	120	-0.020096086538755	1.04839407556661
Probe_minus_Ignore	Probe - Ignore	CP1	peak inside corrected cluster	520	Probe	128	0.505179982775679	0.825554250674422
Probe_minus_Ignore	Probe - Ignore	CP1	peak inside corrected cluster	520	Probe	136	1.2755043472235	0.91013510991023
Probe_minus_Ignore	Probe - Ignore	CP1	peak inside corrected cluster	520	Probe	144	1.70438545942307	0.977156672465544
Probe_minus_Ignore	Probe - Ignore	CP1	peak inside corrected cluster	520	Probe	152	0.885348171497194	1.17369673064459
Probe_minus_Ignore	Probe - Ignore	CP1	peak inside corrected cluster	520	Probe	160	0.183473927470354	1.25302676493259
Probe_minus_Ignore	Probe - Ignore	CP1	peak inside corrected cluster	520	Probe	168	-0.274296928770267	1.28174049496269
Probe_minus_Ignore	Probe - Ignore	CP1	peak inside corrected cluster	520	Probe	176	-0.627834869118837	1.31733799483976
Probe_minus_Ignore	Probe - Ignore	CP1	peak inside corrected cluster	520	Probe	184	-0.766932818465508	1.10365452933093
Probe_minus_Ignore	Probe - Ignore	CP1	peak inside corrected cluster	520	Probe	192	-1.02724390305006	0.948570563057166
Probe_minus_Ignore	Probe - Ignore	CP1	peak inside corrected cluster	520	Probe	200	-1.59234747863733	0.903279257937514
Probe_minus_Ignore	Probe - Ignore	CP1	peak inside corrected cluster	520	Probe	208	-1.65430240347408	0.743315496897195
Probe_minus_Ignore	Probe - Ignore	CP1	peak inside corrected cluster	520	Probe	216	-1.03338238023795	0.620438600568516
Probe_minus_Ignore	Probe - Ignore	CP1	peak inside corrected cluster	520	Probe	224	-0.539727059694437	0.639101125014069
Probe_minus_Ignore	Probe - Ignore	CP1	peak inside corrected cluster	520	Probe	232	-0.242802376214128	0.631583078962989
Probe_minus_Ignore	Probe - Ignore	CP1	peak inside corrected cluster	520	Probe	240	-0.0250411056555234	0.658014854044058
Probe_minus_Ignore	Probe - Ignore	CP1	peak inside corrected cluster	520	Probe	248	0.459050374535414	0.612597540657805
Probe_minus_Ignore	Probe - Ignore	CP1	peak inside corrected cluster	520	Probe	256	0.893314564457307	0.614785857692275
Probe_minus_Ignore	Probe - Ignore	CP1	peak inside corrected cluster	520	Probe	264	1.00813677563117	0.685570897904508
Probe_minus_Ignore	Probe - Ignore	CP1	peak inside corrected cluster	520	Probe	272	1.41536411184531	0.796488993812624
Probe_minus_Ignore	Probe - Ignore	CP1	peak inside corrected cluster	520	Probe	280	1.39516024865532	0.846346506754583
Probe_minus_Ignore	Probe - Ignore	CP1	peak inside corrected cluster	520	Probe	288	0.905820270498785	0.852515834890067
Probe_minus_Ignore	Probe - Ignore	CP1	peak inside corrected cluster	520	Probe	296	1.07010919314164	0.896928066047635
Probe_minus_Ignore	Probe - Ignore	CP1	peak inside corrected cluster	520	Probe	304	1.6507505189914	1.0690123273754
Probe_minus_Ignore	Probe - Ignore	CP1	peak inside corrected cluster	520	Probe	312	1.41314993311579	1.04222887907038
Probe_minus_Ignore	Probe - Ignore	CP1	peak inside corrected cluster	520	Probe	320	1.22529502556874	0.958490163740536
Probe_minus_Ignore	Probe - Ignore	CP1	peak inside corrected cluster	520	Probe	328	1.58242663397239	1.02617305377266
Probe_minus_Ignore	Probe - Ignore	CP1	peak inside corrected cluster	520	Probe	336	1.20370086683677	0.952321072758351
Probe_minus_Ignore	Probe - Ignore	CP1	peak inside corrected cluster	520	Probe	344	1.20928520422715	0.894947807653967
Probe_minus_Ignore	Probe - Ignore	CP1	peak inside corrected cluster	520	Probe	352	1.5534504193526	0.850192531709215
Probe_minus_Ignore	Probe - Ignore	CP1	peak inside corrected cluster	520	Probe	360	1.35931101670632	0.653350192176122
Probe_minus_Ignore	Probe - Ignore	CP1	peak inside corrected cluster	520	Probe	368	1.38830908559836	0.531309011398916
Probe_minus_Ignore	Probe - Ignore	CP1	peak inside corrected cluster	520	Probe	376	1.7460780946108	0.782471672504659
Probe_minus_Ignore	Probe - Ignore	CP1	peak inside corrected cluster	520	Probe	384	1.76248142352471	0.779480055708786
Probe_minus_Ignore	Probe - Ignore	CP1	peak inside corrected cluster	520	Probe	392	1.37634551754365	0.496442137136618
Probe_minus_Ignore	Probe - Ignore	CP1	peak inside corrected cluster	520	Probe	400	1.17897288357982	0.579437138820884
Probe_minus_Ignore	Probe - Ignore	CP1	peak inside corrected cluster	520	Probe	408	1.23848740756512	0.782295544629312
Probe_minus_Ignore	Probe - Ignore	CP1	peak inside corrected cluster	520	Probe	416	1.22721682718167	0.730765558772571
Probe_minus_Ignore	Probe - Ignore	CP1	peak inside corrected cluster	520	Probe	424	1.13537988740091	0.616332281794624
Probe_minus_Ignore	Probe - Ignore	CP1	peak inside corrected cluster	520	Probe	432	1.30848424294247	0.655461537957975
Probe_minus_Ignore	Probe - Ignore	CP1	peak inside corrected cluster	520	Probe	440	1.68565225128371	0.826860908561982
Probe_minus_Ignore	Probe - Ignore	CP1	peak inside corrected cluster	520	Probe	448	1.91882254985663	0.675135048709444
Probe_minus_Ignore	Probe - Ignore	CP1	peak inside corrected cluster	520	Probe	456	1.93032471319804	0.570122150702052
Probe_minus_Ignore	Probe - Ignore	CP1	peak inside corrected cluster	520	Probe	464	1.8714775626476	0.756784494991298
Probe_minus_Ignore	Probe - Ignore	CP1	peak inside corrected cluster	520	Probe	472	2.22705253729453	0.90527520171937
Probe_minus_Ignore	Probe - Ignore	CP1	peak inside corrected cluster	520	Probe	480	2.26800127327442	0.664317944506576
Probe_minus_Ignore	Probe - Ignore	CP1	peak inside corrected cluster	520	Probe	488	2.03847373334261	0.535356292840823
Probe_minus_Ignore	Probe - Ignore	CP1	peak inside corrected cluster	520	Probe	496	1.9913251011704	0.514641704849036
Probe_minus_Ignore	Probe - Ignore	CP1	peak inside corrected cluster	520	Probe	504	1.91696877204455	0.406965927089335
Probe_minus_Ignore	Probe - Ignore	CP1	peak inside corrected cluster	520	Probe	512	2.3855860634492	0.585308632977279
Probe_minus_Ignore	Probe - Ignore	CP1	peak inside corrected cluster	520	Probe	520	2.61150756687857	0.5907347699034
Probe_minus_Ignore	Probe - Ignore	CP1	peak inside corrected cluster	520	Probe	528	2.38512743694278	0.613167144419332
Probe_minus_Ignore	Probe - Ignore	CP1	peak inside corrected cluster	520	Probe	536	2.39036149245042	0.833821478729164
Probe_minus_Ignore	Probe - Ignore	CP1	peak inside corrected cluster	520	Probe	544	2.07235453277826	0.664968253493751
Probe_minus_Ignore	Probe - Ignore	CP1	peak inside corrected cluster	520	Probe	552	1.85794205848987	0.543569912063957
Probe_minus_Ignore	Probe - Ignore	CP1	peak inside corrected cluster	520	Probe	560	1.92407653881953	0.621022198206282
Probe_minus_Ignore	Probe - Ignore	CP1	peak inside corrected cluster	520	Probe	568	1.68222321541264	0.43978074915925
Probe_minus_Ignore	Probe - Ignore	CP1	peak inside corrected cluster	520	Probe	576	1.54743402737838	0.394763257638918
Probe_minus_Ignore	Probe - Ignore	CP1	peak inside corrected cluster	520	Probe	584	1.38705272628711	0.431956558134604
Probe_minus_Ignore	Probe - Ignore	CP1	peak inside corrected cluster	520	Probe	592	1.28085285195938	0.483589217975775
Probe_minus_Ignore	Probe - Ignore	CP1	peak inside corrected cluster	520	Probe	600	1.0096977672074	0.419643882959109
Probe_minus_Ignore	Probe - Ignore	CP1	peak inside corrected cluster	520	Probe	608	0.958754722888653	0.474764500295068
Probe_minus_Ignore	Probe - Ignore	CP1	peak inside corrected cluster	520	Probe	616	1.44983615783545	0.92391875234053
Probe_minus_Ignore	Probe - Ignore	CP1	peak inside corrected cluster	520	Probe	624	1.27802699001936	1.04126067249678
Probe_minus_Ignore	Probe - Ignore	CP1	peak inside corrected cluster	520	Probe	632	0.659224739441505	0.646199747585989
Probe_minus_Ignore	Probe - Ignore	CP1	peak inside corrected cluster	520	Probe	640	0.310562483393229	0.451247945275515
Probe_minus_Ignore	Probe - Ignore	CP1	peak inside corrected cluster	520	Probe	648	0.0877878084922066	0.331592602417914
Probe_minus_Ignore	Probe - Ignore	CP1	peak inside corrected cluster	520	Probe	656	0.0499702778000098	0.425859344792531
Probe_minus_Ignore	Probe - Ignore	CP1	peak inside corrected cluster	520	Probe	664	-0.00863535902821101	0.49207842622113
Probe_minus_Ignore	Probe - Ignore	CP1	peak inside corrected cluster	520	Probe	672	-0.102523325154415	0.515971356805621
Probe_minus_Ignore	Probe - Ignore	CP1	peak inside corrected cluster	520	Probe	680	-0.0363118488055009	0.545737503434684
Probe_minus_Ignore	Probe - Ignore	CP1	peak inside corrected cluster	520	Probe	688	-0.0633323072240903	0.535693543906795
Probe_minus_Ignore	Probe - Ignore	CP1	peak inside corrected cluster	520	Probe	696	-0.301746962162165	0.496396352725229
Probe_minus_Ignore	Probe - Ignore	CP1	peak inside corrected cluster	520	Probe	704	-0.50173350251638	0.386925455407938
Probe_minus_Ignore	Probe - Ignore	CP1	peak inside corrected cluster	520	Probe	712	-0.779807336843358	0.339428719851538
Probe_minus_Ignore	Probe - Ignore	CP1	peak inside corrected cluster	520	Probe	720	-1.00827008485794	0.342570460299954
Probe_minus_Ignore	Probe - Ignore	CP1	peak inside corrected cluster	520	Probe	728	-0.906243225702873	0.35091435785169
Probe_minus_Ignore	Probe - Ignore	CP1	peak inside corrected cluster	520	Probe	736	-1.10599818854378	0.334785072184052
Probe_minus_Ignore	Probe - Ignore	CP1	peak inside corrected cluster	520	Probe	744	-1.20279726729943	0.381120804898256
Probe_minus_Ignore	Probe - Ignore	CP1	peak inside corrected cluster	520	Probe	752	-0.91012886338509	0.333555085828491
Probe_minus_Ignore	Probe - Ignore	CP1	peak inside corrected cluster	520	Probe	760	-0.76485572468776	0.413365031326112
Probe_minus_Ignore	Probe - Ignore	CP1	peak inside corrected cluster	520	Probe	768	-0.536074383900716	0.396477999891156
Probe_minus_Ignore	Probe - Ignore	CP1	peak inside corrected cluster	520	Probe	776	-0.311741083860397	0.460590519280731
Probe_minus_Ignore	Probe - Ignore	CP1	peak inside corrected cluster	520	Probe	784	-0.469873875379562	0.50099916378288
Probe_minus_Ignore	Probe - Ignore	CP1	peak inside corrected cluster	520	Probe	792	-0.549232185173493	0.500908510574813
Probe_minus_Ignore	Probe - Ignore	CP1	peak inside corrected cluster	520	Probe	800	-0.481576050703342	0.502686538795674
Probe_minus_Ignore	Probe - Ignore	CP1	peak inside corrected cluster	520	Probe	808	-0.714036499078457	0.536221379751542
Probe_minus_Ignore	Probe - Ignore	CP1	peak inside corrected cluster	520	Probe	816	-0.843074211707482	0.516206863582888
Probe_minus_Ignore	Probe - Ignore	CP1	peak inside corrected cluster	520	Probe	824	-0.616379623229687	0.476777543722669
Probe_minus_Ignore	Probe - Ignore	CP1	peak inside corrected cluster	520	Probe	832	-0.937458267578712	0.709212095689264
Probe_minus_Ignore	Probe - Ignore	CP1	peak inside corrected cluster	520	Probe	840	-1.23602364477343	0.89450649156632
Probe_minus_Ignore	Probe - Ignore	CP1	peak inside corrected cluster	520	Probe	848	-0.894077711380445	0.711760922219888
Probe_minus_Ignore	Probe - Ignore	CP1	peak inside corrected cluster	520	Probe	856	-0.6735143733184	0.487019967214694
Probe_minus_Ignore	Probe - Ignore	CP1	peak inside corrected cluster	520	Probe	864	-0.668190123943182	0.418892967007259
Probe_minus_Ignore	Probe - Ignore	CP1	peak inside corrected cluster	520	Probe	872	-0.663468971848488	0.490214098625851
Probe_minus_Ignore	Probe - Ignore	CP1	peak inside corrected cluster	520	Probe	880	-0.527427387352173	0.463220950428071
Probe_minus_Ignore	Probe - Ignore	CP1	peak inside corrected cluster	520	Probe	888	-0.160062226538475	0.530175417392154
Probe_minus_Ignore	Probe - Ignore	CP1	peak inside corrected cluster	520	Probe	896	0.0123788551069223	0.595229745962982
Probe_minus_Ignore	Probe - Ignore	CP1	peak inside corrected cluster	520	Probe	904	-0.291100350710062	0.628247139050763
Probe_minus_Ignore	Probe - Ignore	CP1	peak inside corrected cluster	520	Probe	912	-0.283451849451432	0.637985693653595
Probe_minus_Ignore	Probe - Ignore	CP1	peak inside corrected cluster	520	Probe	920	0.00960278396423046	0.497439586353591
Probe_minus_Ignore	Probe - Ignore	CP1	peak inside corrected cluster	520	Probe	928	-0.0130827260705141	0.62171624422813
Probe_minus_Ignore	Probe - Ignore	CP1	peak inside corrected cluster	520	Probe	936	0.0584420642027488	0.679633306242111
Probe_minus_Ignore	Probe - Ignore	CP1	peak inside corrected cluster	520	Probe	944	0.211972628648465	0.607897613352449
Probe_minus_Ignore	Probe - Ignore	CP1	peak inside corrected cluster	520	Probe	952	0.176306953796974	0.489736145040327
Probe_minus_Ignore	Probe - Ignore	CP1	peak inside corrected cluster	520	Probe	960	0.343050864453499	0.4889841055661
Probe_minus_Ignore	Probe - Ignore	CP1	peak inside corrected cluster	520	Probe	968	0.666506054309698	0.445621975268889
Probe_minus_Ignore	Probe - Ignore	CP1	peak inside corrected cluster	520	Probe	976	0.833662677269716	0.327134736606112
Probe_minus_Ignore	Probe - Ignore	CP1	peak inside corrected cluster	520	Probe	984	0.662826659587713	0.38980920507305
Probe_minus_Ignore	Probe - Ignore	CP1	peak inside corrected cluster	520	Probe	992	0.576127490172019	0.390956662723986
Probe_minus_Ignore	Probe - Ignore	CP1	peak inside corrected cluster	520	Probe	1000	0.492452449523486	0.337597263021876
Probe_minus_Ignore	Probe - Ignore	CP1	peak inside corrected cluster	520	Ignore	-200	0.465711010476718	0.299241068239861
Probe_minus_Ignore	Probe - Ignore	CP1	peak inside corrected cluster	520	Ignore	-192	0.346107230736659	0.249222491825351
Probe_minus_Ignore	Probe - Ignore	CP1	peak inside corrected cluster	520	Ignore	-184	0.270726032555103	0.214231942008352
Probe_minus_Ignore	Probe - Ignore	CP1	peak inside corrected cluster	520	Ignore	-176	-0.0074932649731636	0.152008890182877
Probe_minus_Ignore	Probe - Ignore	CP1	peak inside corrected cluster	520	Ignore	-168	-0.0696391268955687	0.153018836918698
Probe_minus_Ignore	Probe - Ignore	CP1	peak inside corrected cluster	520	Ignore	-160	0.260303951513309	0.278540076199021
Probe_minus_Ignore	Probe - Ignore	CP1	peak inside corrected cluster	520	Ignore	-152	0.260859360202001	0.247254062406665
Probe_minus_Ignore	Probe - Ignore	CP1	peak inside corrected cluster	520	Ignore	-144	-0.108104751373713	0.211881498366276
Probe_minus_Ignore	Probe - Ignore	CP1	peak inside corrected cluster	520	Ignore	-136	-0.330099540261122	0.264717005916319
Probe_minus_Ignore	Probe - Ignore	CP1	peak inside corrected cluster	520	Ignore	-128	-0.225314589074025	0.308214558128268
Probe_minus_Ignore	Probe - Ignore	CP1	peak inside corrected cluster	520	Ignore	-120	-0.0266990111424373	0.241160020967156
Probe_minus_Ignore	Probe - Ignore	CP1	peak inside corrected cluster	520	Ignore	-112	-0.163454321714548	0.259949633835405
Probe_minus_Ignore	Probe - Ignore	CP1	peak inside corrected cluster	520	Ignore	-104	-0.377940952777863	0.256348950906331
Probe_minus_Ignore	Probe - Ignore	CP1	peak inside corrected cluster	520	Ignore	-96	-0.394713677465916	0.266203921076378
Probe_minus_Ignore	Probe - Ignore	CP1	peak inside corrected cluster	520	Ignore	-88	-0.64018062215585	0.31997950580414
Probe_minus_Ignore	Probe - Ignore	CP1	peak inside corrected cluster	520	Ignore	-80	-0.636310904071881	0.289544707363895
Probe_minus_Ignore	Probe - Ignore	CP1	peak inside corrected cluster	520	Ignore	-72	-0.425134874307192	0.256337758752136
Probe_minus_Ignore	Probe - Ignore	CP1	peak inside corrected cluster	520	Ignore	-64	-0.401818683514228	0.288538016183485
Probe_minus_Ignore	Probe - Ignore	CP1	peak inside corrected cluster	520	Ignore	-56	-0.288348279893398	0.242505032854452
Probe_minus_Ignore	Probe - Ignore	CP1	peak inside corrected cluster	520	Ignore	-48	-0.183161065412255	0.195721902490372
Probe_minus_Ignore	Probe - Ignore	CP1	peak inside corrected cluster	520	Ignore	-40	0.0178812306660872	0.20079165145028
Probe_minus_Ignore	Probe - Ignore	CP1	peak inside corrected cluster	520	Ignore	-32	0.366869065624017	0.278264321110317
Probe_minus_Ignore	Probe - Ignore	CP1	peak inside corrected cluster	520	Ignore	-24	0.468715644083344	0.329218255822432
Probe_minus_Ignore	Probe - Ignore	CP1	peak inside corrected cluster	520	Ignore	-16	0.410010186525492	0.291963523469675
Probe_minus_Ignore	Probe - Ignore	CP1	peak inside corrected cluster	520	Ignore	-8	0.555231753450174	0.295048704541527
Probe_minus_Ignore	Probe - Ignore	CP1	peak inside corrected cluster	520	Ignore	0	0.855998266201753	0.442565577654223
Probe_minus_Ignore	Probe - Ignore	CP1	peak inside corrected cluster	520	Ignore	8	1.04368854027528	0.487829849696819
Probe_minus_Ignore	Probe - Ignore	CP1	peak inside corrected cluster	520	Ignore	16	0.874952444090293	0.536659886094447
Probe_minus_Ignore	Probe - Ignore	CP1	peak inside corrected cluster	520	Ignore	24	0.547696718802819	0.593817366215107
Probe_minus_Ignore	Probe - Ignore	CP1	peak inside corrected cluster	520	Ignore	32	0.337684817898732	0.499114637942243
Probe_minus_Ignore	Probe - Ignore	CP1	peak inside corrected cluster	520	Ignore	40	0.050455622948133	0.417128168649238
Probe_minus_Ignore	Probe - Ignore	CP1	peak inside corrected cluster	520	Ignore	48	-0.323390818559206	0.253979078786546
Probe_minus_Ignore	Probe - Ignore	CP1	peak inside corrected cluster	520	Ignore	56	-0.595177931854358	0.356245574175439
Probe_minus_Ignore	Probe - Ignore	CP1	peak inside corrected cluster	520	Ignore	64	-0.865224801577055	0.400506632914466
Probe_minus_Ignore	Probe - Ignore	CP1	peak inside corrected cluster	520	Ignore	72	-0.932958283676551	0.315082679889318
Probe_minus_Ignore	Probe - Ignore	CP1	peak inside corrected cluster	520	Ignore	80	-1.05775365892511	0.449059099777569
Probe_minus_Ignore	Probe - Ignore	CP1	peak inside corrected cluster	520	Ignore	88	-1.09894677022329	0.510022697940157
Probe_minus_Ignore	Probe - Ignore	CP1	peak inside corrected cluster	520	Ignore	96	-0.843483505340723	0.586804395390561
Probe_minus_Ignore	Probe - Ignore	CP1	peak inside corrected cluster	520	Ignore	104	-0.856808035992659	0.71290216894362
Probe_minus_Ignore	Probe - Ignore	CP1	peak inside corrected cluster	520	Ignore	112	-0.661476027507048	0.845555032204906
Probe_minus_Ignore	Probe - Ignore	CP1	peak inside corrected cluster	520	Ignore	120	0.127995163202286	0.950205272437241
Probe_minus_Ignore	Probe - Ignore	CP1	peak inside corrected cluster	520	Ignore	128	0.847126337198111	0.812362497987242
Probe_minus_Ignore	Probe - Ignore	CP1	peak inside corrected cluster	520	Ignore	136	1.79798221129638	0.859984633085643
Probe_minus_Ignore	Probe - Ignore	CP1	peak inside corrected cluster	520	Ignore	144	2.61273722350597	1.01397160899082
Probe_minus_Ignore	Probe - Ignore	CP1	peak inside corrected cluster	520	Ignore	152	2.80613810855609	1.03003420052182
Probe_minus_Ignore	Probe - Ignore	CP1	peak inside corrected cluster	520	Ignore	160	2.91297123523859	0.994466735769182
Probe_minus_Ignore	Probe - Ignore	CP1	peak inside corrected cluster	520	Ignore	168	2.49821593956305	0.938863801958485
Probe_minus_Ignore	Probe - Ignore	CP1	peak inside corrected cluster	520	Ignore	176	1.84111280080218	0.813290168984371
Probe_minus_Ignore	Probe - Ignore	CP1	peak inside corrected cluster	520	Ignore	184	1.54792468708295	0.753466645782793
Probe_minus_Ignore	Probe - Ignore	CP1	peak inside corrected cluster	520	Ignore	192	1.48095187315574	0.74671021058244
Probe_minus_Ignore	Probe - Ignore	CP1	peak inside corrected cluster	520	Ignore	200	1.4554595053196	0.715659540741659
Probe_minus_Ignore	Probe - Ignore	CP1	peak inside corrected cluster	520	Ignore	208	1.32208369786923	0.65906507178873
Probe_minus_Ignore	Probe - Ignore	CP1	peak inside corrected cluster	520	Ignore	216	1.29081731576186	0.556827744753497
Probe_minus_Ignore	Probe - Ignore	CP1	peak inside corrected cluster	520	Ignore	224	1.5890404433012	0.56687186159498
Probe_minus_Ignore	Probe - Ignore	CP1	peak inside corrected cluster	520	Ignore	232	1.8555306216272	0.734255965705917
Probe_minus_Ignore	Probe - Ignore	CP1	peak inside corrected cluster	520	Ignore	240	1.90607059001923	0.750576423528875
Probe_minus_Ignore	Probe - Ignore	CP1	peak inside corrected cluster	520	Ignore	248	2.09483731480745	0.751704449669727
Probe_minus_Ignore	Probe - Ignore	CP1	peak inside corrected cluster	520	Ignore	256	2.57627651002258	0.802531871252091
Probe_minus_Ignore	Probe - Ignore	CP1	peak inside corrected cluster	520	Ignore	264	2.83352019136342	0.777507614056572
Probe_minus_Ignore	Probe - Ignore	CP1	peak inside corrected cluster	520	Ignore	272	2.82173632887694	0.803067390686041
Probe_minus_Ignore	Probe - Ignore	CP1	peak inside corrected cluster	520	Ignore	280	2.79896480876666	0.812513621679657
Probe_minus_Ignore	Probe - Ignore	CP1	peak inside corrected cluster	520	Ignore	288	2.73880130167191	0.758794453928247
Probe_minus_Ignore	Probe - Ignore	CP1	peak inside corrected cluster	520	Ignore	296	2.63477698656229	0.765179276458622
Probe_minus_Ignore	Probe - Ignore	CP1	peak inside corrected cluster	520	Ignore	304	2.46416052832053	0.84614286649816
Probe_minus_Ignore	Probe - Ignore	CP1	peak inside corrected cluster	520	Ignore	312	2.32955915366228	0.914073465509049
Probe_minus_Ignore	Probe - Ignore	CP1	peak inside corrected cluster	520	Ignore	320	2.43264058003059	0.981346668200826
Probe_minus_Ignore	Probe - Ignore	CP1	peak inside corrected cluster	520	Ignore	328	2.40167848421977	0.994424409077941
Probe_minus_Ignore	Probe - Ignore	CP1	peak inside corrected cluster	520	Ignore	336	2.06115430249618	0.940592396456318
Probe_minus_Ignore	Probe - Ignore	CP1	peak inside corrected cluster	520	Ignore	344	1.93035906768189	0.888555230088934
Probe_minus_Ignore	Probe - Ignore	CP1	peak inside corrected cluster	520	Ignore	352	1.88921290922623	0.837340586127963
Probe_minus_Ignore	Probe - Ignore	CP1	peak inside corrected cluster	520	Ignore	360	1.99160714791371	0.748696718466263
Probe_minus_Ignore	Probe - Ignore	CP1	peak inside corrected cluster	520	Ignore	368	2.19138143612788	0.658149376919628
Probe_minus_Ignore	Probe - Ignore	CP1	peak inside corrected cluster	520	Ignore	376	2.11373946758417	0.549510482609361
Probe_minus_Ignore	Probe - Ignore	CP1	peak inside corrected cluster	520	Ignore	384	1.91237518191338	0.471472989593573
Probe_minus_Ignore	Probe - Ignore	CP1	peak inside corrected cluster	520	Ignore	392	1.77614084401956	0.504460649620209
Probe_minus_Ignore	Probe - Ignore	CP1	peak inside corrected cluster	520	Ignore	400	1.70931518579332	0.542193464912061
Probe_minus_Ignore	Probe - Ignore	CP1	peak inside corrected cluster	520	Ignore	408	1.34088981208893	0.4703773108057
Probe_minus_Ignore	Probe - Ignore	CP1	peak inside corrected cluster	520	Ignore	416	0.722321532093562	0.42783058701016
Probe_minus_Ignore	Probe - Ignore	CP1	peak inside corrected cluster	520	Ignore	424	0.386728976781552	0.448953381595925
Probe_minus_Ignore	Probe - Ignore	CP1	peak inside corrected cluster	520	Ignore	432	-0.120313213779949	0.423105640870761
Probe_minus_Ignore	Probe - Ignore	CP1	peak inside corrected cluster	520	Ignore	440	-0.799785942985461	0.395408590793265
Probe_minus_Ignore	Probe - Ignore	CP1	peak inside corrected cluster	520	Ignore	448	-0.965877736417147	0.363472663433194
Probe_minus_Ignore	Probe - Ignore	CP1	peak inside corrected cluster	520	Ignore	456	-0.975690922484948	0.422195144496965
Probe_minus_Ignore	Probe - Ignore	CP1	peak inside corrected cluster	520	Ignore	464	-1.0642402154895	0.469744002392537
Probe_minus_Ignore	Probe - Ignore	CP1	peak inside corrected cluster	520	Ignore	472	-0.905954271698227	0.425726697584304
Probe_minus_Ignore	Probe - Ignore	CP1	peak inside corrected cluster	520	Ignore	480	-0.961431527367005	0.465709798699244
Probe_minus_Ignore	Probe - Ignore	CP1	peak inside corrected cluster	520	Ignore	488	-1.0319511162547	0.439691802464098
Probe_minus_Ignore	Probe - Ignore	CP1	peak inside corrected cluster	520	Ignore	496	-0.878891627375896	0.454760717291494
Probe_minus_Ignore	Probe - Ignore	CP1	peak inside corrected cluster	520	Ignore	504	-0.840538889169693	0.435440316145484
Probe_minus_Ignore	Probe - Ignore	CP1	peak inside corrected cluster	520	Ignore	512	-0.823833839394725	0.460519069577522
Probe_minus_Ignore	Probe - Ignore	CP1	peak inside corrected cluster	520	Ignore	520	-0.992515611641396	0.428908667883512
Probe_minus_Ignore	Probe - Ignore	CP1	peak inside corrected cluster	520	Ignore	528	-1.10558247336975	0.434144234709205
Probe_minus_Ignore	Probe - Ignore	CP1	peak inside corrected cluster	520	Ignore	536	-1.04492911409873	0.392776732309971
Probe_minus_Ignore	Probe - Ignore	CP1	peak inside corrected cluster	520	Ignore	544	-1.06360313200499	0.31489316457025
Probe_minus_Ignore	Probe - Ignore	CP1	peak inside corrected cluster	520	Ignore	552	-0.941159511414858	0.304630324513941
Probe_minus_Ignore	Probe - Ignore	CP1	peak inside corrected cluster	520	Ignore	560	-0.795571072743489	0.306012543368454
Probe_minus_Ignore	Probe - Ignore	CP1	peak inside corrected cluster	520	Ignore	568	-0.784373475890159	0.240337011932406
Probe_minus_Ignore	Probe - Ignore	CP1	peak inside corrected cluster	520	Ignore	576	-0.646068178690397	0.283437776279983
Probe_minus_Ignore	Probe - Ignore	CP1	peak inside corrected cluster	520	Ignore	584	-0.503514861831298	0.346708766805532
Probe_minus_Ignore	Probe - Ignore	CP1	peak inside corrected cluster	520	Ignore	592	-0.408776620832773	0.464116141082125
Probe_minus_Ignore	Probe - Ignore	CP1	peak inside corrected cluster	520	Ignore	600	-0.223146789349042	0.517021252867301
Probe_minus_Ignore	Probe - Ignore	CP1	peak inside corrected cluster	520	Ignore	608	-0.105918752459379	0.418519261559593
Probe_minus_Ignore	Probe - Ignore	CP1	peak inside corrected cluster	520	Ignore	616	-0.35086711610739	0.407192688640854
Probe_minus_Ignore	Probe - Ignore	CP1	peak inside corrected cluster	520	Ignore	624	-0.554306944975486	0.405647108490675
Probe_minus_Ignore	Probe - Ignore	CP1	peak inside corrected cluster	520	Ignore	632	-0.387262026277872	0.288730261791214
Probe_minus_Ignore	Probe - Ignore	CP1	peak inside corrected cluster	520	Ignore	640	-0.204436220228672	0.334322117009969
Probe_minus_Ignore	Probe - Ignore	CP1	peak inside corrected cluster	520	Ignore	648	-0.151190528502831	0.373157466910178
Probe_minus_Ignore	Probe - Ignore	CP1	peak inside corrected cluster	520	Ignore	656	-0.00577478798536154	0.333067077327243
Probe_minus_Ignore	Probe - Ignore	CP1	peak inside corrected cluster	520	Ignore	664	0.125229718593451	0.360795840806651
Probe_minus_Ignore	Probe - Ignore	CP1	peak inside corrected cluster	520	Ignore	672	0.225647060916974	0.379089248213147
Probe_minus_Ignore	Probe - Ignore	CP1	peak inside corrected cluster	520	Ignore	680	0.456308127595828	0.388234868163227
Probe_minus_Ignore	Probe - Ignore	CP1	peak inside corrected cluster	520	Ignore	688	0.642159810719582	0.416045745869965
Probe_minus_Ignore	Probe - Ignore	CP1	peak inside corrected cluster	520	Ignore	696	0.835149892820762	0.328638327942073
Probe_minus_Ignore	Probe - Ignore	CP1	peak inside corrected cluster	520	Ignore	704	1.23611379815982	0.375522351867983
Probe_minus_Ignore	Probe - Ignore	CP1	peak inside corrected cluster	520	Ignore	712	1.32904914522973	0.416579514584314
Probe_minus_Ignore	Probe - Ignore	CP1	peak inside corrected cluster	520	Ignore	720	1.07716254775341	0.456355810299989
Probe_minus_Ignore	Probe - Ignore	CP1	peak inside corrected cluster	520	Ignore	728	1.21780738578393	0.536382984901977
Probe_minus_Ignore	Probe - Ignore	CP1	peak inside corrected cluster	520	Ignore	736	1.38197722801795	0.566896947478349
Probe_minus_Ignore	Probe - Ignore	CP1	peak inside corrected cluster	520	Ignore	744	1.08813314512372	0.442919107380983
Probe_minus_Ignore	Probe - Ignore	CP1	peak inside corrected cluster	520	Ignore	752	0.695765018463135	0.418668340736452
Probe_minus_Ignore	Probe - Ignore	CP1	peak inside corrected cluster	520	Ignore	760	0.572489537298679	0.417276495106968
Probe_minus_Ignore	Probe - Ignore	CP1	peak inside corrected cluster	520	Ignore	768	0.404291388507073	0.382700911379819
Probe_minus_Ignore	Probe - Ignore	CP1	peak inside corrected cluster	520	Ignore	776	0.424364316921968	0.4285231552459
Probe_minus_Ignore	Probe - Ignore	CP1	peak inside corrected cluster	520	Ignore	784	0.90582271049229	0.405354749537709
Probe_minus_Ignore	Probe - Ignore	CP1	peak inside corrected cluster	520	Ignore	792	0.972152724145697	0.385364082703123
Probe_minus_Ignore	Probe - Ignore	CP1	peak inside corrected cluster	520	Ignore	800	1.02477998687671	0.426430137903313
Probe_minus_Ignore	Probe - Ignore	CP1	peak inside corrected cluster	520	Ignore	808	1.44308448210359	0.527462949677432
Probe_minus_Ignore	Probe - Ignore	CP1	peak inside corrected cluster	520	Ignore	816	1.37081442142908	0.601449021300326
Probe_minus_Ignore	Probe - Ignore	CP1	peak inside corrected cluster	520	Ignore	824	1.38414508276261	0.615773380011109
Probe_minus_Ignore	Probe - Ignore	CP1	peak inside corrected cluster	520	Ignore	832	1.63924159911963	0.596791037814661
Probe_minus_Ignore	Probe - Ignore	CP1	peak inside corrected cluster	520	Ignore	840	1.61493147049959	0.568640971887304
Probe_minus_Ignore	Probe - Ignore	CP1	peak inside corrected cluster	520	Ignore	848	1.41896213677067	0.479856938434696
Probe_minus_Ignore	Probe - Ignore	CP1	peak inside corrected cluster	520	Ignore	856	1.09556240101273	0.380469394353124
Probe_minus_Ignore	Probe - Ignore	CP1	peak inside corrected cluster	520	Ignore	864	0.790622658597735	0.337090280632936
Probe_minus_Ignore	Probe - Ignore	CP1	peak inside corrected cluster	520	Ignore	872	0.794793703235113	0.297391544833207
Probe_minus_Ignore	Probe - Ignore	CP1	peak inside corrected cluster	520	Ignore	880	1.06419506805161	0.31139052357747
Probe_minus_Ignore	Probe - Ignore	CP1	peak inside corrected cluster	520	Ignore	888	1.20801180572464	0.336233059691055
Probe_minus_Ignore	Probe - Ignore	CP1	peak inside corrected cluster	520	Ignore	896	1.23792558220717	0.40701197995441
Probe_minus_Ignore	Probe - Ignore	CP1	peak inside corrected cluster	520	Ignore	904	1.47159216954158	0.488784767677106
Probe_minus_Ignore	Probe - Ignore	CP1	peak inside corrected cluster	520	Ignore	912	1.64671137667476	0.523125534148059
Probe_minus_Ignore	Probe - Ignore	CP1	peak inside corrected cluster	520	Ignore	920	1.62241921287317	0.642913070703573
Probe_minus_Ignore	Probe - Ignore	CP1	peak inside corrected cluster	520	Ignore	928	1.57855163786847	0.673748949663234
Probe_minus_Ignore	Probe - Ignore	CP1	peak inside corrected cluster	520	Ignore	936	1.40606977561345	0.570628297037373
Probe_minus_Ignore	Probe - Ignore	CP1	peak inside corrected cluster	520	Ignore	944	1.30548042517442	0.507803879054919
Probe_minus_Ignore	Probe - Ignore	CP1	peak inside corrected cluster	520	Ignore	952	1.24802192300558	0.424757568458417
Probe_minus_Ignore	Probe - Ignore	CP1	peak inside corrected cluster	520	Ignore	960	1.13284729535763	0.410264832585941
Probe_minus_Ignore	Probe - Ignore	CP1	peak inside corrected cluster	520	Ignore	968	0.979440294779264	0.419715067078022
Probe_minus_Ignore	Probe - Ignore	CP1	peak inside corrected cluster	520	Ignore	976	1.1873278675171	0.444584476386019
Probe_minus_Ignore	Probe - Ignore	CP1	peak inside corrected cluster	520	Ignore	984	1.40609020223984	0.452288929848575
Probe_minus_Ignore	Probe - Ignore	CP1	peak inside corrected cluster	520	Ignore	992	1.47644011618999	0.436133909254446
Probe_minus_Ignore	Probe - Ignore	CP1	peak inside corrected cluster	520	Ignore	1000	1.82089175341221	0.577825197041541
